年（和暦）,年（西暦）,行政区,出典,世帯・人口の別,世帯数・人口
大正９,1920,全市,第１回国勢調査,世帯数,95243
大正９,1920,全市,第１回国勢調査,人口,422938
大正14,1925,全市,第２回国勢調査,世帯数,95377
大正14,1925,全市,第２回国勢調査,人口,405888
昭和５,1930,全市,第３回国勢調査,世帯数,135929
昭和５,1930,全市,第３回国勢調査,人口,620306
昭和５,1930,鶴見区,第３回国勢調査,世帯数,17581
昭和５,1930,鶴見区,第３回国勢調査,人口,81210
昭和５,1930,神奈川区,第３回国勢調査,世帯数,28668
昭和５,1930,神奈川区,第３回国勢調査,人口,133777
昭和５,1930,中区,第３回国勢調査,世帯数,73167
昭和５,1930,中区,第３回国勢調査,人口,329678
昭和５,1930,保土ケ谷区,第３回国勢調査,世帯数,8752
昭和５,1930,保土ケ谷区,第３回国勢調査,人口,41557
昭和５,1930,磯子区,第３回国勢調査,世帯数,7761
昭和５,1930,磯子区,第３回国勢調査,人口,34084
昭和10,1935,全市,第４回国勢調査,世帯数,148545
昭和10,1935,全市,第４回国勢調査,人口,704290
昭和10,1935,鶴見区,第４回国勢調査,世帯数,23357
昭和10,1935,鶴見区,第４回国勢調査,人口,113963
昭和10,1935,神奈川区,第４回国勢調査,世帯数,32024
昭和10,1935,神奈川区,第４回国勢調査,人口,155908
昭和10,1935,中区,第４回国勢調査,世帯数,75372
昭和10,1935,中区,第４回国勢調査,人口,348941
昭和10,1935,保土ケ谷区,第４回国勢調査,世帯数,9578
昭和10,1935,保土ケ谷区,第４回国勢調査,人口,47642
昭和10,1935,磯子区,第４回国勢調査,世帯数,8214
昭和10,1935,磯子区,第４回国勢調査,人口,37836
昭和15,1940,全市,第５回国勢調査,世帯数,198415
昭和15,1940,全市,第５回国勢調査,人口,968091
昭和15,1940,鶴見区,第５回国勢調査,世帯数,33849
昭和15,1940,鶴見区,第５回国勢調査,人口,172587
昭和15,1940,神奈川区,第５回国勢調査,世帯数,34843
昭和15,1940,神奈川区,第５回国勢調査,人口,169408
昭和15,1940,中区,第５回国勢調査,世帯数,84221
昭和15,1940,中区,第５回国勢調査,人口,386020
昭和15,1940,保土ケ谷区,第５回国勢調査,世帯数,12419
昭和15,1940,保土ケ谷区,第５回国勢調査,人口,63981
昭和15,1940,磯子区,第５回国勢調査,世帯数,15908
昭和15,1940,磯子区,第５回国勢調査,人口,76966
昭和15,1940,港北区,第５回国勢調査,世帯数,10021
昭和15,1940,港北区,第５回国勢調査,人口,56432
昭和15,1940,戸塚区,第５回国勢調査,世帯数,7154
昭和15,1940,戸塚区,第５回国勢調査,人口,42697
昭和22,1947,全市,第６回国勢調査,世帯数,177892
昭和22,1947,全市,第６回国勢調査,人口,814379
昭和22,1947,鶴見区,第６回国勢調査,世帯数,30799
昭和22,1947,鶴見区,第６回国勢調査,人口,142427
昭和22,1947,神奈川区,第６回国勢調査,世帯数,19035
昭和22,1947,神奈川区,第６回国勢調査,人口,85456
昭和22,1947,西区,第６回国勢調査,世帯数,15009
昭和22,1947,西区,第６回国勢調査,人口,66442
昭和22,1947,中区,第６回国勢調査,世帯数,17770
昭和22,1947,中区,第６回国勢調査,人口,77014
昭和22,1947,南区,第６回国勢調査,世帯数,27396
昭和22,1947,南区,第６回国勢調査,人口,118578
昭和22,1947,保土ケ谷区,第６回国勢調査,世帯数,13520
昭和22,1947,保土ケ谷区,第６回国勢調査,人口,64778
昭和22,1947,磯子区,第６回国勢調査,世帯数,24650
昭和22,1947,磯子区,第６回国勢調査,人口,106396
昭和22,1947,港北区,第６回国勢調査,世帯数,17275
昭和22,1947,港北区,第６回国勢調査,人口,87958
昭和22,1947,戸塚区,第６回国勢調査,世帯数,12438
昭和22,1947,戸塚区,第６回国勢調査,人口,65330
昭和25,1950,全市,第７回国勢調査,世帯数,210454
昭和25,1950,全市,第７回国勢調査,人口,951189
昭和25,1950,鶴見区,第７回国勢調査,世帯数,38100
昭和25,1950,鶴見区,第７回国勢調査,人口,170868
昭和25,1950,神奈川区,第７回国勢調査,世帯数,24077
昭和25,1950,神奈川区,第７回国勢調査,人口,107068
昭和25,1950,西区,第７回国勢調査,世帯数,19961
昭和25,1950,西区,第７回国勢調査,人口,85292
昭和25,1950,中区,第７回国勢調査,世帯数,21389
昭和25,1950,中区,第７回国勢調査,人口,89813
昭和25,1950,南区,第７回国勢調査,世帯数,32117
昭和25,1950,南区,第７回国勢調査,人口,142763
昭和25,1950,保土ケ谷区,第７回国勢調査,世帯数,15685
昭和25,1950,保土ケ谷区,第７回国勢調査,人口,74156
昭和25,1950,磯子区,第７回国勢調査,世帯数,14515
昭和25,1950,磯子区,第７回国勢調査,人口,62343
昭和25,1950,金沢区,第７回国勢調査,世帯数,12783
昭和25,1950,金沢区,第７回国勢調査,人口,56040
昭和25,1950,港北区,第７回国勢調査,世帯数,18486
昭和25,1950,港北区,第７回国勢調査,人口,93421
昭和25,1950,戸塚区,第７回国勢調査,世帯数,13341
昭和25,1950,戸塚区,第７回国勢調査,人口,69425
昭和30,1955,全市,第８回国勢調査,世帯数,255833
昭和30,1955,全市,第８回国勢調査,人口,1143687
昭和30,1955,鶴見区,第８回国勢調査,世帯数,45118
昭和30,1955,鶴見区,第８回国勢調査,人口,201028
昭和30,1955,神奈川区,第８回国勢調査,世帯数,32754
昭和30,1955,神奈川区,第８回国勢調査,人口,142797
昭和30,1955,西区,第８回国勢調査,世帯数,23442
昭和30,1955,西区,第８回国勢調査,人口,100446
昭和30,1955,中区,第８回国勢調査,世帯数,24692
昭和30,1955,中区,第８回国勢調査,人口,105925
昭和30,1955,南区,第８回国勢調査,世帯数,39295
昭和30,1955,南区,第８回国勢調査,人口,171525
昭和30,1955,保土ケ谷区,第８回国勢調査,世帯数,21107
昭和30,1955,保土ケ谷区,第８回国勢調査,人口,96822
昭和30,1955,磯子区,第８回国勢調査,世帯数,15881
昭和30,1955,磯子区,第８回国勢調査,人口,67991
昭和30,1955,金沢区,第８回国勢調査,世帯数,14266
昭和30,1955,金沢区,第８回国勢調査,人口,63974
昭和30,1955,港北区,第８回国勢調査,世帯数,22840
昭和30,1955,港北区,第８回国勢調査,人口,111095
昭和30,1955,戸塚区,第８回国勢調査,世帯数,16438
昭和30,1955,戸塚区,第８回国勢調査,人口,82084
昭和35,1960,全市,第９回国勢調査,世帯数,343533
昭和35,1960,全市,第９回国勢調査,人口,1375710
昭和35,1960,鶴見区,第９回国勢調査,世帯数,57605
昭和35,1960,鶴見区,第９回国勢調査,人口,230377
昭和35,1960,神奈川区,第９回国勢調査,世帯数,45114
昭和35,1960,神奈川区,第９回国勢調査,人口,172068
昭和35,1960,西区,第９回国勢調査,世帯数,26996
昭和35,1960,西区,第９回国勢調査,人口,104173
昭和35,1960,中区,第９回国勢調査,世帯数,32991
昭和35,1960,中区,第９回国勢調査,人口,123624
昭和35,1960,南区,第９回国勢調査,世帯数,49354
昭和35,1960,南区,第９回国勢調査,人口,194558
昭和35,1960,保土ケ谷区,第９回国勢調査,世帯数,34765
昭和35,1960,保土ケ谷区,第９回国勢調査,人口,143804
昭和35,1960,磯子区,第９回国勢調査,世帯数,18414
昭和35,1960,磯子区,第９回国勢調査,人口,74458
昭和35,1960,金沢区,第９回国勢調査,世帯数,17544
昭和35,1960,金沢区,第９回国勢調査,人口,71446
昭和35,1960,港北区,第９回国勢調査,世帯数,34985
昭和35,1960,港北区,第９回国勢調査,人口,147688
昭和35,1960,戸塚区,第９回国勢調査,世帯数,25765
昭和35,1960,戸塚区,第９回国勢調査,人口,113514
昭和40,1965,全市,第10回国勢調査,世帯数,481943
昭和40,1965,全市,第10回国勢調査,人口,1788915
昭和40,1965,鶴見区,第10回国勢調査,世帯数,69830
昭和40,1965,鶴見区,第10回国勢調査,人口,255755
昭和40,1965,神奈川区,第10回国勢調査,世帯数,55727
昭和40,1965,神奈川区,第10回国勢調査,人口,196258
昭和40,1965,西区,第10回国勢調査,世帯数,29405
昭和40,1965,西区,第10回国勢調査,人口,104255
昭和40,1965,中区,第10回国勢調査,世帯数,37289
昭和40,1965,中区,第10回国勢調査,人口,136882
昭和40,1965,南区,第10回国勢調査,世帯数,68624
昭和40,1965,南区,第10回国勢調査,人口,248108
昭和40,1965,保土ケ谷区,第10回国勢調査,世帯数,58589
昭和40,1965,保土ケ谷区,第10回国勢調査,人口,223038
昭和40,1965,磯子区,第10回国勢調査,世帯数,24948
昭和40,1965,磯子区,第10回国勢調査,人口,95716
昭和40,1965,金沢区,第10回国勢調査,世帯数,23063
昭和40,1965,金沢区,第10回国勢調査,人口,86251
昭和40,1965,港北区,第10回国勢調査,世帯数,62718
昭和40,1965,港北区,第10回国勢調査,人口,235046
昭和40,1965,戸塚区,第10回国勢調査,世帯数,51750
昭和40,1965,戸塚区,第10回国勢調査,人口,207606
昭和45,1970,全市,第11回国勢調査,世帯数,643262
昭和45,1970,全市,第11回国勢調査,人口,2238264
昭和45,1970,鶴見区,第11回国勢調査,世帯数,74739
昭和45,1970,鶴見区,第11回国勢調査,人口,256360
昭和45,1970,神奈川区,第11回国勢調査,世帯数,63249
昭和45,1970,神奈川区,第11回国勢調査,人口,207362
昭和45,1970,西区,第11回国勢調査,世帯数,29760
昭和45,1970,西区,第11回国勢調査,人口,97906
昭和45,1970,中区,第11回国勢調査,世帯数,42146
昭和45,1970,中区,第11回国勢調査,人口,132470
昭和45,1970,南区,第11回国勢調査,世帯数,58150
昭和45,1970,南区,第11回国勢調査,人口,193221
昭和45,1970,港南区,第11回国勢調査,世帯数,28395
昭和45,1970,港南区,第11回国勢調査,人口,104426
昭和45,1970,保土ケ谷区,第11回国勢調査,世帯数,47393
昭和45,1970,保土ケ谷区,第11回国勢調査,人口,166766
昭和45,1970,旭区,第11回国勢調査,世帯数,44057
昭和45,1970,旭区,第11回国勢調査,人口,161187
昭和45,1970,磯子区,第11回国勢調査,世帯数,32039
昭和45,1970,磯子区,第11回国勢調査,人口,116018
昭和45,1970,金沢区,第11回国勢調査,世帯数,31310
昭和45,1970,金沢区,第11回国勢調査,人口,108693
昭和45,1970,港北区,第11回国勢調査,世帯数,67968
昭和45,1970,港北区,第11回国勢調査,人口,221511
昭和45,1970,緑区,第11回国勢調査,世帯数,37432
昭和45,1970,緑区,第11回国勢調査,人口,147156
昭和45,1970,戸塚区,第11回国勢調査,世帯数,65669
昭和45,1970,戸塚区,第11回国勢調査,人口,248696
昭和45,1970,瀬谷区,第11回国勢調査,世帯数,20955
昭和45,1970,瀬谷区,第11回国勢調査,人口,76492
昭和50,1975,全市,第12回国勢調査,世帯数,796463
昭和50,1975,全市,第12回国勢調査,人口,2621771
昭和50,1975,鶴見区,第12回国勢調査,世帯数,76590
昭和50,1975,鶴見区,第12回国勢調査,人口,242808
昭和50,1975,神奈川区,第12回国勢調査,世帯数,69823
昭和50,1975,神奈川区,第12回国勢調査,人口,213645
昭和50,1975,西区,第12回国勢調査,世帯数,29203
昭和50,1975,西区,第12回国勢調査,人口,89015
昭和50,1975,中区,第12回国勢調査,世帯数,46062
昭和50,1975,中区,第12回国勢調査,人口,131346
昭和50,1975,南区,第12回国勢調査,世帯数,64383
昭和50,1975,南区,第12回国勢調査,人口,198187
昭和50,1975,港南区,第12回国勢調査,世帯数,43627
昭和50,1975,港南区,第12回国勢調査,人口,151682
昭和50,1975,保土ケ谷区,第12回国勢調査,世帯数,53485
昭和50,1975,保土ケ谷区,第12回国勢調査,人口,177092
昭和50,1975,旭区,第12回国勢調査,世帯数,56620
昭和50,1975,旭区,第12回国勢調査,人口,200245
昭和50,1975,磯子区,第12回国勢調査,世帯数,46209
昭和50,1975,磯子区,第12回国勢調査,人口,156165
昭和50,1975,金沢区,第12回国勢調査,世帯数,40898
昭和50,1975,金沢区,第12回国勢調査,人口,135349
昭和50,1975,港北区,第12回国勢調査,世帯数,82969
昭和50,1975,港北区,第12回国勢調査,人口,255275
昭和50,1975,緑区,第12回国勢調査,世帯数,64289
昭和50,1975,緑区,第12回国勢調査,人口,236251
昭和50,1975,戸塚区,第12回国勢調査,世帯数,95063
昭和50,1975,戸塚区,第12回国勢調査,人口,339420
昭和50,1975,瀬谷区,第12回国勢調査,世帯数,27242
昭和50,1975,瀬谷区,第12回国勢調査,人口,95291
昭和55,1980,全市,第13回国勢調査,世帯数,925282
昭和55,1980,全市,第13回国勢調査,人口,2773674
昭和55,1980,鶴見区,第13回国勢調査,世帯数,83203
昭和55,1980,鶴見区,第13回国勢調査,人口,231477
昭和55,1980,神奈川区,第13回国勢調査,世帯数,73184
昭和55,1980,神奈川区,第13回国勢調査,人口,201794
昭和55,1980,西区,第13回国勢調査,世帯数,28855
昭和55,1980,西区,第13回国勢調査,人口,80539
昭和55,1980,中区,第13回国勢調査,世帯数,46784
昭和55,1980,中区,第13回国勢調査,人口,121476
昭和55,1980,南区,第13回国勢調査,世帯数,66131
昭和55,1980,南区,第13回国勢調査,人口,192020
昭和55,1980,港南区,第13回国勢調査,世帯数,57133
昭和55,1980,港南区,第13回国勢調査,人口,185713
昭和55,1980,保土ケ谷区,第13回国勢調査,世帯数,58980
昭和55,1980,保土ケ谷区,第13回国勢調査,人口,179860
昭和55,1980,旭区,第13回国勢調査,世帯数,64792
昭和55,1980,旭区,第13回国勢調査,人口,210887
昭和55,1980,磯子区,第13回国勢調査,世帯数,52548
昭和55,1980,磯子区,第13回国勢調査,人口,156586
昭和55,1980,金沢区,第13回国勢調査,世帯数,50388
昭和55,1980,金沢区,第13回国勢調査,人口,154687
昭和55,1980,港北区,第13回国勢調査,世帯数,96477
昭和55,1980,港北区,第13回国勢調査,人口,265506
昭和55,1980,緑区,第13回国勢調査,世帯数,93318
昭和55,1980,緑区,第13回国勢調査,人口,289766
昭和55,1980,戸塚区,第13回国勢調査,世帯数,122326
昭和55,1980,戸塚区,第13回国勢調査,人口,402239
昭和55,1980,瀬谷区,第13回国勢調査,世帯数,31163
昭和55,1980,瀬谷区,第13回国勢調査,人口,101124
昭和60,1985,全市,第14回国勢調査,世帯数,1027090
昭和60,1985,全市,第14回国勢調査,人口,2992926
昭和60,1985,鶴見区,第14回国勢調査,世帯数,87982
昭和60,1985,鶴見区,第14回国勢調査,人口,237083
昭和60,1985,神奈川区,第14回国勢調査,世帯数,74961
昭和60,1985,神奈川区,第14回国勢調査,人口,201062
昭和60,1985,西区,第14回国勢調査,世帯数,29478
昭和60,1985,西区,第14回国勢調査,人口,78858
昭和60,1985,中区,第14回国勢調査,世帯数,48059
昭和60,1985,中区,第14回国勢調査,人口,118274
昭和60,1985,南区,第14回国勢調査,世帯数,68461
昭和60,1985,南区,第14回国勢調査,人口,191578
昭和60,1985,港南区,第14回国勢調査,世帯数,65784
昭和60,1985,港南区,第14回国勢調査,人口,206980
昭和60,1985,保土ケ谷区,第14回国勢調査,世帯数,62333
昭和60,1985,保土ケ谷区,第14回国勢調査,人口,184013
昭和60,1985,旭区,第14回国勢調査,世帯数,73961
昭和60,1985,旭区,第14回国勢調査,人口,234544
昭和60,1985,磯子区,第14回国勢調査,世帯数,56210
昭和60,1985,磯子区,第14回国勢調査,人口,162484
昭和60,1985,金沢区,第14回国勢調査,世帯数,57212
昭和60,1985,金沢区,第14回国勢調査,人口,176055
昭和60,1985,港北区,第14回国勢調査,世帯数,104283
昭和60,1985,港北区,第14回国勢調査,人口,280670
昭和60,1985,緑区,第14回国勢調査,世帯数,123757
昭和60,1985,緑区,第14回国勢調査,人口,365934
昭和60,1985,戸塚区,第14回国勢調査,世帯数,139537
昭和60,1985,戸塚区,第14回国勢調査,人口,444116
昭和60,1985,瀬谷区,第14回国勢調査,世帯数,35072
昭和60,1985,瀬谷区,第14回国勢調査,人口,111275
平成２,1990,全市,第15回国勢調査,世帯数,1170032
平成２,1990,全市,第15回国勢調査,人口,3220331
平成２,1990,鶴見区,第15回国勢調査,世帯数,98174
平成２,1990,鶴見区,第15回国勢調査,人口,250100
平成２,1990,神奈川区,第15回国勢調査,世帯数,83152
平成２,1990,神奈川区,第15回国勢調査,人口,205510
平成２,1990,西区,第15回国勢調査,世帯数,31345
平成２,1990,西区,第15回国勢調査,人口,76978
平成２,1990,中区,第15回国勢調査,世帯数,50991
平成２,1990,中区,第15回国勢調査,人口,116634
平成２,1990,南区,第15回国勢調査,世帯数,75171
平成２,1990,南区,第15回国勢調査,人口,194617
平成２,1990,港南区,第15回国勢調査,世帯数,74731
平成２,1990,港南区,第15回国勢調査,人口,224036
平成２,1990,保土ケ谷区,第15回国勢調査,世帯数,71385
平成２,1990,保土ケ谷区,第15回国勢調査,人口,195795
平成２,1990,旭区,第15回国勢調査,世帯数,83415
平成２,1990,旭区,第15回国勢調査,人口,248882
平成２,1990,磯子区,第15回国勢調査,世帯数,62249
平成２,1990,磯子区,第15回国勢調査,人口,168846
平成２,1990,金沢区,第15回国勢調査,世帯数,67428
平成２,1990,金沢区,第15回国勢調査,人口,197753
平成２,1990,港北区,第15回国勢調査,世帯数,120022
平成２,1990,港北区,第15回国勢調査,人口,305774
平成２,1990,緑区,第15回国勢調査,世帯数,150359
平成２,1990,緑区,第15回国勢調査,人口,426663
平成２,1990,戸塚区,第15回国勢調査,世帯数,81621
平成２,1990,戸塚区,第15回国勢調査,人口,238536
平成２,1990,栄区,第15回国勢調査,世帯数,40484
平成２,1990,栄区,第15回国勢調査,人口,123766
平成２,1990,泉区,第15回国勢調査,世帯数,39603
平成２,1990,泉区,第15回国勢調査,人口,126866
平成２,1990,瀬谷区,第15回国勢調査,世帯数,39902
平成２,1990,瀬谷区,第15回国勢調査,人口,119575
平成４,1992,全市,推計人口,世帯数,1216528
平成４,1992,全市,推計人口,人口,3272180
平成４,1992,鶴見区,推計人口,世帯数,101891
平成４,1992,鶴見区,推計人口,人口,253496
平成４,1992,神奈川区,推計人口,世帯数,85812
平成４,1992,神奈川区,推計人口,人口,207677
平成４,1992,西区,推計人口,世帯数,32055
平成４,1992,西区,推計人口,人口,75887
平成４,1992,中区,推計人口,世帯数,51469
平成４,1992,中区,推計人口,人口,117142
平成４,1992,南区,推計人口,世帯数,77061
平成４,1992,南区,推計人口,人口,195032
平成４,1992,港南区,推計人口,世帯数,77039
平成４,1992,港南区,推計人口,人口,224970
平成４,1992,保土ケ谷区,推計人口,世帯数,73066
平成４,1992,保土ケ谷区,推計人口,人口,196272
平成４,1992,旭区,推計人口,世帯数,86946
平成４,1992,旭区,推計人口,人口,252007
平成４,1992,磯子区,推計人口,世帯数,63881
平成４,1992,磯子区,推計人口,人口,170148
平成４,1992,金沢区,推計人口,世帯数,70428
平成４,1992,金沢区,推計人口,人口,201342
平成４,1992,港北区,推計人口,世帯数,127777
平成４,1992,港北区,推計人口,人口,317307
平成４,1992,緑区,推計人口,世帯数,158018
平成４,1992,緑区,推計人口,人口,439600
平成４,1992,戸塚区,推計人口,世帯数,84546
平成４,1992,戸塚区,推計人口,人口,242295
平成４,1992,栄区,推計人口,世帯数,42073
平成４,1992,栄区,推計人口,人口,124714
平成４,1992,泉区,推計人口,世帯数,42641
平成４,1992,泉区,推計人口,人口,132520
平成４,1992,瀬谷区,推計人口,世帯数,41825
平成４,1992,瀬谷区,推計人口,人口,121771
平成５,1993,全市,推計人口,世帯数,1234554
平成５,1993,全市,推計人口,人口,3288464
平成５,1993,鶴見区,推計人口,世帯数,102328
平成５,1993,鶴見区,推計人口,人口,252567
平成５,1993,神奈川区,推計人口,世帯数,86599
平成５,1993,神奈川区,推計人口,人口,206892
平成５,1993,西区,推計人口,世帯数,32412
平成５,1993,西区,推計人口,人口,75474
平成５,1993,中区,推計人口,世帯数,50988
平成５,1993,中区,推計人口,人口,116866
平成５,1993,南区,推計人口,世帯数,78185
平成５,1993,南区,推計人口,人口,194654
平成５,1993,港南区,推計人口,世帯数,77677
平成５,1993,港南区,推計人口,人口,224418
平成５,1993,保土ケ谷区,推計人口,世帯数,74471
平成５,1993,保土ケ谷区,推計人口,人口,197534
平成５,1993,旭区,推計人口,世帯数,88507
平成５,1993,旭区,推計人口,人口,252795
平成５,1993,磯子区,推計人口,世帯数,64223
平成５,1993,磯子区,推計人口,人口,169801
平成５,1993,金沢区,推計人口,世帯数,71573
平成５,1993,金沢区,推計人口,人口,202450
平成５,1993,港北区,推計人口,世帯数,131288
平成５,1993,港北区,推計人口,人口,322496
平成５,1993,緑区,推計人口,世帯数,161780
平成５,1993,緑区,推計人口,人口,447850
平成５,1993,戸塚区,推計人口,世帯数,85627
平成５,1993,戸塚区,推計人口,人口,242440
平成５,1993,栄区,推計人口,世帯数,42631
平成５,1993,栄区,推計人口,人口,124860
平成５,1993,泉区,推計人口,世帯数,43758
平成５,1993,泉区,推計人口,人口,134702
平成５,1993,瀬谷区,推計人口,世帯数,42507
平成５,1993,瀬谷区,推計人口,人口,122665
平成６,1994,全市,推計人口,世帯数,1248009
平成６,1994,全市,推計人口,人口,3300513
平成６,1994,鶴見区,推計人口,世帯数,102746
平成６,1994,鶴見区,推計人口,人口,252118
平成６,1994,神奈川区,推計人口,世帯数,87182
平成６,1994,神奈川区,推計人口,人口,206388
平成６,1994,西区,推計人口,世帯数,32767
平成６,1994,西区,推計人口,人口,75283
平成６,1994,中区,推計人口,世帯数,49645
平成６,1994,中区,推計人口,人口,116208
平成６,1994,南区,推計人口,世帯数,78727
平成６,1994,南区,推計人口,人口,193632
平成６,1994,港南区,推計人口,世帯数,78095
平成６,1994,港南区,推計人口,人口,222939
平成６,1994,保土ケ谷区,推計人口,世帯数,75291
平成６,1994,保土ケ谷区,推計人口,人口,197848
平成６,1994,旭区,推計人口,世帯数,89222
平成６,1994,旭区,推計人口,人口,252420
平成６,1994,磯子区,推計人口,世帯数,64603
平成６,1994,磯子区,推計人口,人口,169255
平成６,1994,金沢区,推計人口,世帯数,72576
平成６,1994,金沢区,推計人口,人口,203375
平成６,1994,港北区,推計人口,世帯数,135297
平成６,1994,港北区,推計人口,人口,330633
平成６,1994,緑区,推計人口,世帯数,164189
平成６,1994,緑区,推計人口,人口,453068
平成６,1994,戸塚区,推計人口,世帯数,86447
平成６,1994,戸塚区,推計人口,人口,242675
平成６,1994,栄区,推計人口,世帯数,43015
平成６,1994,栄区,推計人口,人口,124641
平成６,1994,泉区,推計人口,世帯数,45224
平成６,1994,泉区,推計人口,人口,137171
平成６,1994,瀬谷区,推計人口,世帯数,42983
平成６,1994,瀬谷区,推計人口,人口,122859
平成７,1995,全市,第16回国勢調査,世帯数,1261330
平成７,1995,全市,第16回国勢調査,人口,3307136
平成７,1995,鶴見区,第16回国勢調査,世帯数,103934
平成７,1995,鶴見区,第16回国勢調査,人口,251232
平成７,1995,神奈川区,第16回国勢調査,世帯数,88828
平成７,1995,神奈川区,第16回国勢調査,人口,206158
平成７,1995,西区,第16回国勢調査,世帯数,33216
平成７,1995,西区,第16回国勢調査,人口,75758
平成７,1995,中区,第16回国勢調査,世帯数,54331
平成７,1995,中区,第16回国勢調査,人口,116923
平成７,1995,南区,第16回国勢調査,世帯数,79295
平成７,1995,南区,第16回国勢調査,人口,192518
平成７,1995,港南区,第16回国勢調査,世帯数,78838
平成７,1995,港南区,第16回国勢調査,人口,222694
平成７,1995,保土ケ谷区,第16回国勢調査,世帯数,75360
平成７,1995,保土ケ谷区,第16回国勢調査,人口,197435
平成７,1995,旭区,第16回国勢調査,世帯数,89096
平成７,1995,旭区,第16回国勢調査,人口,251052
平成７,1995,磯子区,第16回国勢調査,世帯数,64844
平成７,1995,磯子区,第16回国勢調査,人口,168568
平成７,1995,金沢区,第16回国勢調査,世帯数,72929
平成７,1995,金沢区,第16回国勢調査,人口,203979
平成７,1995,港北区,第16回国勢調査,世帯数,118460
平成７,1995,港北区,第16回国勢調査,人口,279333
平成７,1995,緑区,第16回国勢調査,世帯数,52469
平成７,1995,緑区,第16回国勢調査,人口,148498
平成７,1995,青葉区,第16回国勢調査,世帯数,92284
平成７,1995,青葉区,第16回国勢調査,人口,248960
平成７,1995,都筑区,第16回国勢調査,世帯数,39985
平成７,1995,都筑区,第16回国勢調査,人口,116776
平成７,1995,戸塚区,第16回国勢調査,世帯数,87262
平成７,1995,戸塚区,第16回国勢調査,人口,243400
平成７,1995,栄区,第16回国勢調査,世帯数,42451
平成７,1995,栄区,第16回国勢調査,人口,122904
平成７,1995,泉区,第16回国勢調査,世帯数,45675
平成７,1995,泉区,第16回国勢調査,人口,139459
平成７,1995,瀬谷区,第16回国勢調査,世帯数,42073
平成７,1995,瀬谷区,第16回国勢調査,人口,121489
平成８,1996,全市,推計人口,世帯数,1279083
平成８,1996,全市,推計人口,人口,3319815
平成８,1996,鶴見区,推計人口,世帯数,104750
平成８,1996,鶴見区,推計人口,人口,250869
平成８,1996,神奈川区,推計人口,世帯数,90024
平成８,1996,神奈川区,推計人口,人口,207016
平成８,1996,西区,推計人口,世帯数,33336
平成８,1996,西区,推計人口,人口,75092
平成８,1996,中区,推計人口,世帯数,55111
平成８,1996,中区,推計人口,人口,117790
平成８,1996,南区,推計人口,世帯数,80212
平成８,1996,南区,推計人口,人口,192362
平成８,1996,港南区,推計人口,世帯数,79624
平成８,1996,港南区,推計人口,人口,221888
平成８,1996,保土ケ谷区,推計人口,世帯数,75998
平成８,1996,保土ケ谷区,推計人口,人口,196506
平成８,1996,旭区,推計人口,世帯数,89677
平成８,1996,旭区,推計人口,人口,249793
平成８,1996,磯子区,推計人口,世帯数,65421
平成８,1996,磯子区,推計人口,人口,167834
平成８,1996,金沢区,推計人口,世帯数,73936
平成８,1996,金沢区,推計人口,人口,204844
平成８,1996,港北区,推計人口,世帯数,120542
平成８,1996,港北区,推計人口,人口,281700
平成８,1996,緑区,推計人口,世帯数,53352
平成８,1996,緑区,推計人口,人口,149402
平成８,1996,青葉区,推計人口,世帯数,93280
平成８,1996,青葉区,推計人口,人口,251617
平成８,1996,都筑区,推計人口,世帯数,42952
平成８,1996,都筑区,推計人口,人口,124214
平成８,1996,戸塚区,推計人口,世帯数,88623
平成８,1996,戸塚区,推計人口,人口,244522
平成８,1996,栄区,推計人口,世帯数,42747
平成８,1996,栄区,推計人口,人口,121792
平成８,1996,泉区,推計人口,世帯数,46752
平成８,1996,泉区,推計人口,人口,140963
平成８,1996,瀬谷区,推計人口,世帯数,42746
平成８,1996,瀬谷区,推計人口,人口,121611
平成９,1997,全市,推計人口,世帯数,1300794
平成９,1997,全市,推計人口,人口,3339594
平成９,1997,鶴見区,推計人口,世帯数,105521
平成９,1997,鶴見区,推計人口,人口,250883
平成９,1997,神奈川区,推計人口,世帯数,90829
平成９,1997,神奈川区,推計人口,人口,207114
平成９,1997,西区,推計人口,世帯数,34164
平成９,1997,西区,推計人口,人口,75756
平成９,1997,中区,推計人口,世帯数,55860
平成９,1997,中区,推計人口,人口,118369
平成９,1997,南区,推計人口,世帯数,81758
平成９,1997,南区,推計人口,人口,193237
平成９,1997,港南区,推計人口,世帯数,80759
平成９,1997,港南区,推計人口,人口,221789
平成９,1997,保土ケ谷区,推計人口,世帯数,77296
平成９,1997,保土ケ谷区,推計人口,人口,197595
平成９,1997,旭区,推計人口,世帯数,91223
平成９,1997,旭区,推計人口,人口,250203
平成９,1997,磯子区,推計人口,世帯数,66061
平成９,1997,磯子区,推計人口,人口,167820
平成９,1997,金沢区,推計人口,世帯数,75128
平成９,1997,金沢区,推計人口,人口,205894
平成９,1997,港北区,推計人口,世帯数,122336
平成９,1997,港北区,推計人口,人口,283975
平成９,1997,緑区,推計人口,世帯数,54211
平成９,1997,緑区,推計人口,人口,149881
平成９,1997,青葉区,推計人口,世帯数,95303
平成９,1997,青葉区,推計人口,人口,255901
平成９,1997,都筑区,推計人口,世帯数,45642
平成９,1997,都筑区,推計人口,人口,130958
平成９,1997,戸塚区,推計人口,世帯数,90348
平成９,1997,戸塚区,推計人口,人口,245773
平成９,1997,栄区,推計人口,世帯数,42983
平成９,1997,栄区,推計人口,人口,120586
平成９,1997,泉区,推計人口,世帯数,48191
平成９,1997,泉区,推計人口,人口,142698
平成９,1997,瀬谷区,推計人口,世帯数,43181
平成９,1997,瀬谷区,推計人口,人口,121162
平成10,1998,全市,推計人口,世帯数,1327406
平成10,1998,全市,推計人口,人口,3368939
平成10,1998,鶴見区,推計人口,世帯数,106792
平成10,1998,鶴見区,推計人口,人口,251971
平成10,1998,神奈川区,推計人口,世帯数,92211
平成10,1998,神奈川区,推計人口,人口,208097
平成10,1998,西区,推計人口,世帯数,35210
平成10,1998,西区,推計人口,人口,76618
平成10,1998,中区,推計人口,世帯数,57658
平成10,1998,中区,推計人口,人口,120395
平成10,1998,南区,推計人口,世帯数,83147
平成10,1998,南区,推計人口,人口,193877
平成10,1998,港南区,推計人口,世帯数,82070
平成10,1998,港南区,推計人口,人口,222673
平成10,1998,保土ケ谷区,推計人口,世帯数,78500
平成10,1998,保土ケ谷区,推計人口,人口,198226
平成10,1998,旭区,推計人口,世帯数,92722
平成10,1998,旭区,推計人口,人口,250600
平成10,1998,磯子区,推計人口,世帯数,66725
平成10,1998,磯子区,推計人口,人口,167847
平成10,1998,金沢区,推計人口,世帯数,75733
平成10,1998,金沢区,推計人口,人口,205622
平成10,1998,港北区,推計人口,世帯数,125548
平成10,1998,港北区,推計人口,人口,288550
平成10,1998,緑区,推計人口,世帯数,55553
平成10,1998,緑区,推計人口,人口,151521
平成10,1998,青葉区,推計人口,世帯数,97931
平成10,1998,青葉区,推計人口,人口,260654
平成10,1998,都筑区,推計人口,世帯数,49361
平成10,1998,都筑区,推計人口,人口,140320
平成10,1998,戸塚区,推計人口,世帯数,92064
平成10,1998,戸塚区,推計人口,人口,247255
平成10,1998,栄区,推計人口,世帯数,43310
平成10,1998,栄区,推計人口,人口,119780
平成10,1998,泉区,推計人口,世帯数,49191
平成10,1998,泉区,推計人口,人口,143759
平成10,1998,瀬谷区,推計人口,世帯数,43680
平成10,1998,瀬谷区,推計人口,人口,121174
平成11,1999,全市,推計人口,世帯数,1351166
平成11,1999,全市,推計人口,人口,3392937
平成11,1999,鶴見区,推計人口,世帯数,107827
平成11,1999,鶴見区,推計人口,人口,252320
平成11,1999,神奈川区,推計人口,世帯数,93531
平成11,1999,神奈川区,推計人口,人口,208904
平成11,1999,西区,推計人口,世帯数,35882
平成11,1999,西区,推計人口,人口,76788
平成11,1999,中区,推計人口,世帯数,59068
平成11,1999,中区,推計人口,人口,121973
平成11,1999,南区,推計人口,世帯数,84468
平成11,1999,南区,推計人口,人口,194351
平成11,1999,港南区,推計人口,世帯数,82993
平成11,1999,港南区,推計人口,人口,222610
平成11,1999,保土ケ谷区,推計人口,世帯数,79984
平成11,1999,保土ケ谷区,推計人口,人口,199604
平成11,1999,旭区,推計人口,世帯数,94347
平成11,1999,旭区,推計人口,人口,251504
平成11,1999,磯子区,推計人口,世帯数,66915
平成11,1999,磯子区,推計人口,人口,166806
平成11,1999,金沢区,推計人口,世帯数,76626
平成11,1999,金沢区,推計人口,人口,205566
平成11,1999,港北区,推計人口,世帯数,127613
平成11,1999,港北区,推計人口,人口,291363
平成11,1999,緑区,推計人口,世帯数,57417
平成11,1999,緑区,推計人口,人口,154150
平成11,1999,青葉区,推計人口,世帯数,100138
平成11,1999,青葉区,推計人口,人口,265025
平成11,1999,都筑区,推計人口,世帯数,52342
平成11,1999,都筑区,推計人口,人口,147401
平成11,1999,戸塚区,推計人口,世帯数,93479
平成11,1999,戸塚区,推計人口,人口,248695
平成11,1999,栄区,推計人口,世帯数,43559
平成11,1999,栄区,推計人口,人口,118968
平成11,1999,泉区,推計人口,世帯数,50504
平成11,1999,泉区,推計人口,人口,145420
平成11,1999,瀬谷区,推計人口,世帯数,44473
平成11,1999,瀬谷区,推計人口,人口,121489
平成12,2000,全市,第17回国勢調査,世帯数,1370346
平成12,2000,全市,第17回国勢調査,人口,3426651
平成12,2000,鶴見区,第17回国勢調査,世帯数,108975
平成12,2000,鶴見区,第17回国勢調査,人口,254103
平成12,2000,神奈川区,第17回国勢調査,世帯数,95562
平成12,2000,神奈川区,第17回国勢調査,人口,210724
平成12,2000,西区,第17回国勢調査,世帯数,36661
平成12,2000,西区,第17回国勢調査,人口,78320
平成12,2000,中区,第17回国勢調査,世帯数,60847
平成12,2000,中区,第17回国勢調査,人口,124718
平成12,2000,南区,第17回国勢調査,世帯数,85229
平成12,2000,南区,第17回国勢調査,人口,195242
平成12,2000,港南区,第17回国勢調査,世帯数,83375
平成12,2000,港南区,第17回国勢調査,人口,222596
平成12,2000,保土ケ谷区,第17回国勢調査,世帯数,81313
平成12,2000,保土ケ谷区,第17回国勢調査,人口,201642
平成12,2000,旭区,第17回国勢調査,世帯数,94636
平成12,2000,旭区,第17回国勢調査,人口,252836
平成12,2000,磯子区,第17回国勢調査,世帯数,66593
平成12,2000,磯子区,第17回国勢調査,人口,165015
平成12,2000,金沢区,第17回国勢調査,世帯数,77301
平成12,2000,金沢区,第17回国勢調査,人口,205439
平成12,2000,港北区,第17回国勢調査,世帯数,129766
平成12,2000,港北区,第17回国勢調査,人口,294305
平成12,2000,緑区,第17回国勢調査,世帯数,59314
平成12,2000,緑区,第17回国勢調査,人口,158159
平成12,2000,青葉区,第17回国勢調査,世帯数,102135
平成12,2000,青葉区,第17回国勢調査,人口,270044
平成12,2000,都筑区,第17回国勢調査,世帯数,55270
平成12,2000,都筑区,第17回国勢調査,人口,155092
平成12,2000,戸塚区,第17回国勢調査,世帯数,94281
平成12,2000,戸塚区,第17回国勢調査,人口,251020
平成12,2000,栄区,第17回国勢調査,世帯数,43679
平成12,2000,栄区,第17回国勢調査,人口,118315
平成12,2000,泉区,第17回国勢調査,世帯数,50854
平成12,2000,泉区,第17回国勢調査,人口,147370
平成12,2000,瀬谷区,第17回国勢調査,世帯数,44555
平成12,2000,瀬谷区,第17回国勢調査,人口,121711
平成13,2001,全市,推計人口,世帯数,1401917
平成13,2001,全市,推計人口,人口,3461690
平成13,2001,鶴見区,推計人口,世帯数,110583
平成13,2001,鶴見区,推計人口,人口,255283
平成13,2001,神奈川区,推計人口,世帯数,98222
平成13,2001,神奈川区,推計人口,人口,213864
平成13,2001,西区,推計人口,世帯数,37766
平成13,2001,西区,推計人口,人口,79549
平成13,2001,中区,推計人口,世帯数,63322
平成13,2001,中区,推計人口,人口,127630
平成13,2001,南区,推計人口,世帯数,86894
平成13,2001,南区,推計人口,人口,195974
平成13,2001,港南区,推計人口,世帯数,84526
平成13,2001,港南区,推計人口,人口,222665
平成13,2001,保土ケ谷区,推計人口,世帯数,82921
平成13,2001,保土ケ谷区,推計人口,人口,203153
平成13,2001,旭区,推計人口,世帯数,96094
平成13,2001,旭区,推計人口,人口,253398
平成13,2001,磯子区,推計人口,世帯数,67235
平成13,2001,磯子区,推計人口,人口,164342
平成13,2001,金沢区,推計人口,世帯数,78865
平成13,2001,金沢区,推計人口,人口,206225
平成13,2001,港北区,推計人口,世帯数,132600
平成13,2001,港北区,推計人口,人口,298209
平成13,2001,緑区,推計人口,世帯数,61123
平成13,2001,緑区,推計人口,人口,160833
平成13,2001,青葉区,推計人口,世帯数,105950
平成13,2001,青葉区,推計人口,人口,277513
平成13,2001,都筑区,推計人口,世帯数,58008
平成13,2001,都筑区,推計人口,人口,161221
平成13,2001,戸塚区,推計人口,世帯数,95897
平成13,2001,戸塚区,推計人口,人口,252719
平成13,2001,栄区,推計人口,世帯数,44457
平成13,2001,栄区,推計人口,人口,118272
平成13,2001,泉区,推計人口,世帯数,52143
平成13,2001,泉区,推計人口,人口,148936
平成13,2001,瀬谷区,推計人口,世帯数,45311
平成13,2001,瀬谷区,推計人口,人口,121904
平成14,2002,全市,推計人口,世帯数,1433127
平成14,2002,全市,推計人口,人口,3496927
平成14,2002,鶴見区,推計人口,世帯数,112694
平成14,2002,鶴見区,推計人口,人口,257979
平成14,2002,神奈川区,推計人口,世帯数,100360
平成14,2002,神奈川区,推計人口,人口,216358
平成14,2002,西区,推計人口,世帯数,38679
平成14,2002,西区,推計人口,人口,80398
平成14,2002,中区,推計人口,世帯数,65713
平成14,2002,中区,推計人口,人口,130475
平成14,2002,南区,推計人口,世帯数,88369
平成14,2002,南区,推計人口,人口,196318
平成14,2002,港南区,推計人口,世帯数,85843
平成14,2002,港南区,推計人口,人口,223184
平成14,2002,保土ケ谷区,推計人口,世帯数,84673
平成14,2002,保土ケ谷区,推計人口,人口,204855
平成14,2002,旭区,推計人口,世帯数,97891
平成14,2002,旭区,推計人口,人口,254227
平成14,2002,磯子区,推計人口,世帯数,67942
平成14,2002,磯子区,推計人口,人口,164446
平成14,2002,金沢区,推計人口,世帯数,80083
平成14,2002,金沢区,推計人口,人口,206440
平成14,2002,港北区,推計人口,世帯数,135207
平成14,2002,港北区,推計人口,人口,300815
平成14,2002,緑区,推計人口,世帯数,63795
平成14,2002,緑区,推計人口,人口,165254
平成14,2002,青葉区,推計人口,世帯数,108636
平成14,2002,青葉区,推計人口,人口,282276
平成14,2002,都筑区,推計人口,世帯数,60072
平成14,2002,都筑区,推計人口,人口,166081
平成14,2002,戸塚区,推計人口,世帯数,98086
平成14,2002,戸塚区,推計人口,人口,256028
平成14,2002,栄区,推計人口,世帯数,45584
平成14,2002,栄区,推計人口,人口,119132
平成14,2002,泉区,推計人口,世帯数,53288
平成14,2002,泉区,推計人口,人口,150070
平成14,2002,瀬谷区,推計人口,世帯数,46212
平成14,2002,瀬谷区,推計人口,人口,122591
平成15,2003,全市,推計人口,世帯数,1461030
平成15,2003,全市,推計人口,人口,3527295
平成15,2003,鶴見区,推計人口,世帯数,114457
平成15,2003,鶴見区,推計人口,人口,259583
平成15,2003,神奈川区,推計人口,世帯数,102644
平成15,2003,神奈川区,推計人口,人口,219204
平成15,2003,西区,推計人口,世帯数,40103
平成15,2003,西区,推計人口,人口,82157
平成15,2003,中区,推計人口,世帯数,68201
平成15,2003,中区,推計人口,人口,133526
平成15,2003,南区,推計人口,世帯数,89824
平成15,2003,南区,推計人口,人口,196937
平成15,2003,港南区,推計人口,世帯数,86925
平成15,2003,港南区,推計人口,人口,222986
平成15,2003,保土ケ谷区,推計人口,世帯数,85628
平成15,2003,保土ケ谷区,推計人口,人口,205144
平成15,2003,旭区,推計人口,世帯数,99339
平成15,2003,旭区,推計人口,人口,254676
平成15,2003,磯子区,推計人口,世帯数,68437
平成15,2003,磯子区,推計人口,人口,164154
平成15,2003,金沢区,推計人口,世帯数,80917
平成15,2003,金沢区,推計人口,人口,206358
平成15,2003,港北区,推計人口,世帯数,138053
平成15,2003,港北区,推計人口,人口,305080
平成15,2003,緑区,推計人口,世帯数,65509
平成15,2003,緑区,推計人口,人口,168024
平成15,2003,青葉区,推計人口,世帯数,110737
平成15,2003,青葉区,推計人口,人口,285964
平成15,2003,都筑区,推計人口,世帯数,61843
平成15,2003,都筑区,推計人口,人口,170268
平成15,2003,戸塚区,推計人口,世帯数,100003
平成15,2003,戸塚区,推計人口,人口,258120
平成15,2003,栄区,推計人口,世帯数,46885
平成15,2003,栄区,推計人口,人口,120385
平成15,2003,泉区,推計人口,世帯数,54345
平成15,2003,泉区,推計人口,人口,150916
平成15,2003,瀬谷区,推計人口,世帯数,47180
平成15,2003,瀬谷区,推計人口,人口,123813
平成16,2004,全市,推計人口,世帯数,1486429
平成16,2004,全市,推計人口,人口,3555473
平成16,2004,鶴見区,推計人口,世帯数,116918
平成16,2004,鶴見区,推計人口,人口,263555
平成16,2004,神奈川区,推計人口,世帯数,104505
平成16,2004,神奈川区,推計人口,人口,220975
平成16,2004,西区,推計人口,世帯数,41446
平成16,2004,西区,推計人口,人口,83762
平成16,2004,中区,推計人口,世帯数,71190
平成16,2004,中区,推計人口,人口,137326
平成16,2004,南区,推計人口,世帯数,91031
平成16,2004,南区,推計人口,人口,197372
平成16,2004,港南区,推計人口,世帯数,88209
平成16,2004,港南区,推計人口,人口,223132
平成16,2004,保土ケ谷区,推計人口,世帯数,86064
平成16,2004,保土ケ谷区,推計人口,人口,204846
平成16,2004,旭区,推計人口,世帯数,99825
平成16,2004,旭区,推計人口,人口,253391
平成16,2004,磯子区,推計人口,世帯数,68486
平成16,2004,磯子区,推計人口,人口,162893
平成16,2004,金沢区,推計人口,世帯数,82568
平成16,2004,金沢区,推計人口,人口,208317
平成16,2004,港北区,推計人口,世帯数,140209
平成16,2004,港北区,推計人口,人口,307637
平成16,2004,緑区,推計人口,世帯数,66501
平成16,2004,緑区,推計人口,人口,169266
平成16,2004,青葉区,推計人口,世帯数,112675
平成16,2004,青葉区,推計人口,人口,289990
平成16,2004,都筑区,推計人口,世帯数,63542
平成16,2004,都筑区,推計人口,人口,173663
平成16,2004,戸塚区,推計人口,世帯数,101230
平成16,2004,戸塚区,推計人口,人口,259130
平成16,2004,栄区,推計人口,世帯数,48377
平成16,2004,栄区,推計人口,人口,123051
平成16,2004,泉区,推計人口,世帯数,55263
平成16,2004,泉区,推計人口,人口,151636
平成16,2004,瀬谷区,推計人口,世帯数,48390
平成16,2004,瀬谷区,推計人口,人口,125531
平成17,2005,全市,第18回国勢調査,世帯数,1478104
平成17,2005,全市,第18回国勢調査,人口,3579628
平成17,2005,鶴見区,第18回国勢調査,世帯数,116702
平成17,2005,鶴見区,第18回国勢調査,人口,264548
平成17,2005,神奈川区,第18回国勢調査,世帯数,104339
平成17,2005,神奈川区,第18回国勢調査,人口,221845
平成17,2005,西区,第18回国勢調査,世帯数,41838
平成17,2005,西区,第18回国勢調査,人口,84944
平成17,2005,中区,第18回国勢調査,世帯数,70515
平成17,2005,中区,第18回国勢調査,人口,140167
平成17,2005,南区,第18回国勢調査,世帯数,88208
平成17,2005,南区,第18回国勢調査,人口,196822
平成17,2005,港南区,第18回国勢調査,世帯数,85377
平成17,2005,港南区,第18回国勢調査,人口,221837
平成17,2005,保土ケ谷区,第18回国勢調査,世帯数,85186
平成17,2005,保土ケ谷区,第18回国勢調査,人口,204266
平成17,2005,旭区,第18回国勢調査,世帯数,96332
平成17,2005,旭区,第18回国勢調査,人口,249680
平成17,2005,磯子区,第18回国勢調査,世帯数,68146
平成17,2005,磯子区,第18回国勢調査,人口,163525
平成17,2005,金沢区,第18回国勢調査,世帯数,83852
平成17,2005,金沢区,第18回国勢調査,人口,210658
平成17,2005,港北区,第18回国勢調査,世帯数,140919
平成17,2005,港北区,第18回国勢調査,人口,311722
平成17,2005,緑区,第18回国勢調査,世帯数,65900
平成17,2005,緑区,第18回国勢調査,人口,169831
平成17,2005,青葉区,第18回国勢調査,世帯数,113308
平成17,2005,青葉区,第18回国勢調査,人口,295603
平成17,2005,都筑区,第18回国勢調査,世帯数,65493
平成17,2005,都筑区,第18回国勢調査,人口,179008
平成17,2005,戸塚区,第18回国勢調査,世帯数,101113
平成17,2005,戸塚区,第18回国勢調査,人口,261616
平成17,2005,栄区,第18回国勢調査,世帯数,47768
平成17,2005,栄区,第18回国勢調査,人口,123802
平成17,2005,泉区,第18回国勢調査,世帯数,54889
平成17,2005,泉区,第18回国勢調査,人口,152349
平成17,2005,瀬谷区,第18回国勢調査,世帯数,48219
平成17,2005,瀬谷区,第18回国勢調査,人口,127405
平成18,2006,全市,推計人口,世帯数,1504348
平成18,2006,全市,推計人口,人口,3602758
平成18,2006,鶴見区,推計人口,世帯数,118341
平成18,2006,鶴見区,推計人口,人口,265867
平成18,2006,神奈川区,推計人口,世帯数,104989
平成18,2006,神奈川区,推計人口,人口,221606
平成18,2006,西区,推計人口,世帯数,42542
平成18,2006,西区,推計人口,人口,85360
平成18,2006,中区,推計人口,世帯数,71637
平成18,2006,中区,推計人口,人口,141429
平成18,2006,南区,推計人口,世帯数,89322
平成18,2006,南区,推計人口,人口,196518
平成18,2006,港南区,推計人口,世帯数,86485
平成18,2006,港南区,推計人口,人口,221500
平成18,2006,保土ケ谷区,推計人口,世帯数,86421
平成18,2006,保土ケ谷区,推計人口,人口,204395
平成18,2006,旭区,推計人口,世帯数,97127
平成18,2006,旭区,推計人口,人口,248531
平成18,2006,磯子区,推計人口,世帯数,68949
平成18,2006,磯子区,推計人口,人口,163201
平成18,2006,金沢区,推計人口,世帯数,85468
平成18,2006,金沢区,推計人口,人口,212418
平成18,2006,港北区,推計人口,世帯数,144526
平成18,2006,港北区,推計人口,人口,316590
平成18,2006,緑区,推計人口,世帯数,67423
平成18,2006,緑区,推計人口,人口,172003
平成18,2006,青葉区,推計人口,世帯数,115507
平成18,2006,青葉区,推計人口,人口,298417
平成18,2006,都筑区,推計人口,世帯数,67524
平成18,2006,都筑区,推計人口,人口,182925
平成18,2006,戸塚区,推計人口,世帯数,104633
平成18,2006,戸塚区,推計人口,人口,267570
平成18,2006,栄区,推計人口,世帯数,48701
平成18,2006,栄区,推計人口,人口,124360
平成18,2006,泉区,推計人口,世帯数,56190
平成18,2006,泉区,推計人口,人口,152921
平成18,2006,瀬谷区,推計人口,世帯数,48563
平成18,2006,瀬谷区,推計人口,人口,127147
平成19,2007,全市,推計人口,世帯数,1531033
平成19,2007,全市,推計人口,人口,3627420
平成19,2007,鶴見区,推計人口,世帯数,120107
平成19,2007,鶴見区,推計人口,人口,267447
平成19,2007,神奈川区,推計人口,世帯数,107823
平成19,2007,神奈川区,推計人口,人口,225308
平成19,2007,西区,推計人口,世帯数,44255
平成19,2007,西区,推計人口,人口,87987
平成19,2007,中区,推計人口,世帯数,73124
平成19,2007,中区,推計人口,人口,143177
平成19,2007,南区,推計人口,世帯数,89823
平成19,2007,南区,推計人口,人口,195770
平成19,2007,港南区,推計人口,世帯数,87666
平成19,2007,港南区,推計人口,人口,221672
平成19,2007,保土ケ谷区,推計人口,世帯数,87818
平成19,2007,保土ケ谷区,推計人口,人口,205171
平成19,2007,旭区,推計人口,世帯数,98051
平成19,2007,旭区,推計人口,人口,248151
平成19,2007,磯子区,推計人口,世帯数,70502
平成19,2007,磯子区,推計人口,人口,164697
平成19,2007,金沢区,推計人口,世帯数,85945
平成19,2007,金沢区,推計人口,人口,211364
平成19,2007,港北区,推計人口,世帯数,147923
平成19,2007,港北区,推計人口,人口,320961
平成19,2007,緑区,推計人口,世帯数,68802
平成19,2007,緑区,推計人口,人口,173539
平成19,2007,青葉区,推計人口,世帯数,117233
平成19,2007,青葉区,推計人口,人口,300193
平成19,2007,都筑区,推計人口,世帯数,69462
平成19,2007,都筑区,推計人口,人口,186457
平成19,2007,戸塚区,推計人口,世帯数,106442
平成19,2007,戸塚区,推計人口,人口,269852
平成19,2007,栄区,推計人口,世帯数,49343
平成19,2007,栄区,推計人口,人口,124360
平成19,2007,泉区,推計人口,世帯数,57670
平成19,2007,泉区,推計人口,人口,154165
平成19,2007,瀬谷区,推計人口,世帯数,49044
平成19,2007,瀬谷区,推計人口,人口,127149
平成20,2008,全市,推計人口,世帯数,1556816
平成20,2008,全市,推計人口,人口,3651428
平成20,2008,鶴見区,推計人口,世帯数,122023
平成20,2008,鶴見区,推計人口,人口,269593
平成20,2008,神奈川区,推計人口,世帯数,109958
平成20,2008,神奈川区,推計人口,人口,227756
平成20,2008,西区,推計人口,世帯数,46738
平成20,2008,西区,推計人口,人口,91866
平成20,2008,中区,推計人口,世帯数,74176
平成20,2008,中区,推計人口,人口,143939
平成20,2008,南区,推計人口,世帯数,90988
平成20,2008,南区,推計人口,人口,196327
平成20,2008,港南区,推計人口,世帯数,88721
平成20,2008,港南区,推計人口,人口,221819
平成20,2008,保土ケ谷区,推計人口,世帯数,89190
平成20,2008,保土ケ谷区,推計人口,人口,205878
平成20,2008,旭区,推計人口,世帯数,99107
平成20,2008,旭区,推計人口,人口,248131
平成20,2008,磯子区,推計人口,世帯数,71026
平成20,2008,磯子区,推計人口,人口,164086
平成20,2008,金沢区,推計人口,世帯数,86439
平成20,2008,金沢区,推計人口,人口,210502
平成20,2008,港北区,推計人口,世帯数,150259
平成20,2008,港北区,推計人口,人口,323394
平成20,2008,緑区,推計人口,世帯数,70229
平成20,2008,緑区,推計人口,人口,175034
平成20,2008,青葉区,推計人口,世帯数,118401
平成20,2008,青葉区,推計人口,人口,300462
平成20,2008,都筑区,推計人口,世帯数,72817
平成20,2008,都筑区,推計人口,人口,193595
平成20,2008,戸塚区,推計人口,世帯数,108181
平成20,2008,戸塚区,推計人口,人口,271915
平成20,2008,栄区,推計人口,世帯数,50211
平成20,2008,栄区,推計人口,人口,125023
平成20,2008,泉区,推計人口,世帯数,58882
平成20,2008,泉区,推計人口,人口,155311
平成20,2008,瀬谷区,推計人口,世帯数,49470
平成20,2008,瀬谷区,推計人口,人口,126797
平成21,2009,全市,推計人口,世帯数,1577579
平成21,2009,全市,推計人口,人口,3671776
平成21,2009,鶴見区,推計人口,世帯数,123132
平成21,2009,鶴見区,推計人口,人口,270561
平成21,2009,神奈川区,推計人口,世帯数,111558
平成21,2009,神奈川区,推計人口,人口,230056
平成21,2009,西区,推計人口,世帯数,47765
平成21,2009,西区,推計人口,人口,93020
平成21,2009,中区,推計人口,世帯数,76481
平成21,2009,中区,推計人口,人口,146640
平成21,2009,南区,推計人口,世帯数,92213
平成21,2009,南区,推計人口,人口,197113
平成21,2009,港南区,推計人口,世帯数,89475
平成21,2009,港南区,推計人口,人口,221685
平成21,2009,保土ケ谷区,推計人口,世帯数,90195
平成21,2009,保土ケ谷区,推計人口,人口,206109
平成21,2009,旭区,推計人口,世帯数,100389
平成21,2009,旭区,推計人口,人口,249086
平成21,2009,磯子区,推計人口,世帯数,71565
平成21,2009,磯子区,推計人口,人口,163669
平成21,2009,金沢区,推計人口,世帯数,86970
平成21,2009,金沢区,推計人口,人口,210113
平成21,2009,港北区,推計人口,世帯数,152148
平成21,2009,港北区,推計人口,人口,325590
平成21,2009,緑区,推計人口,世帯数,71101
平成21,2009,緑区,推計人口,人口,175964
平成21,2009,青葉区,推計人口,世帯数,120280
平成21,2009,青葉区,推計人口,人口,302713
平成21,2009,都筑区,推計人口,世帯数,74989
平成21,2009,都筑区,推計人口,人口,198337
平成21,2009,戸塚区,推計人口,世帯数,109346
平成21,2009,戸塚区,推計人口,人口,273547
平成21,2009,栄区,推計人口,世帯数,50473
平成21,2009,栄区,推計人口,人口,124989
平成21,2009,泉区,推計人口,世帯数,59572
平成21,2009,泉区,推計人口,人口,155662
平成21,2009,瀬谷区,推計人口,世帯数,49927
平成21,2009,瀬谷区,推計人口,人口,126922
平成22,2010,全市,第19回国勢調査,世帯数,1583889
平成22,2010,全市,第19回国勢調査,人口,3688773
平成22,2010,鶴見区,第19回国勢調査,世帯数,124177
平成22,2010,鶴見区,第19回国勢調査,人口,272178
平成22,2010,神奈川区,第19回国勢調査,世帯数,113613
平成22,2010,神奈川区,第19回国勢調査,人口,233429
平成22,2010,西区,第19回国勢調査,世帯数,49076
平成22,2010,西区,第19回国勢調査,人口,94867
平成22,2010,中区,第19回国勢調査,世帯数,75700
平成22,2010,中区,第19回国勢調査,人口,146033
平成22,2010,南区,第19回国勢調査,世帯数,92352
平成22,2010,南区,第19回国勢調査,人口,196153
平成22,2010,港南区,第19回国勢調査,世帯数,90108
平成22,2010,港南区,第19回国勢調査,人口,221411
平成22,2010,保土ケ谷区,第19回国勢調査,世帯数,90076
平成22,2010,保土ケ谷区,第19回国勢調査,人口,206634
平成22,2010,旭区,第19回国勢調査,世帯数,100980
平成22,2010,旭区,第19回国勢調査,人口,251086
平成22,2010,磯子区,第19回国勢調査,世帯数,71169
平成22,2010,磯子区,第19回国勢調査,人口,163237
平成22,2010,金沢区,第19回国勢調査,世帯数,86773
平成22,2010,金沢区,第19回国勢調査,人口,209274
平成22,2010,港北区,第19回国勢調査,世帯数,154733
平成22,2010,港北区,第19回国勢調査,人口,329471
平成22,2010,緑区,第19回国勢調査,世帯数,71204
平成22,2010,緑区,第19回国勢調査,人口,177631
平成22,2010,青葉区,第19回国勢調査,世帯数,120378
平成22,2010,青葉区,第19回国勢調査,人口,304297
平成22,2010,都筑区,第19回国勢調査,世帯数,74983
平成22,2010,都筑区,第19回国勢調査,人口,201271
平成22,2010,戸塚区,第19回国勢調査,世帯数,109824
平成22,2010,戸塚区,第19回国勢調査,人口,274324
平成22,2010,栄区,第19回国勢調査,世帯数,50345
平成22,2010,栄区,第19回国勢調査,人口,124866
平成22,2010,泉区,第19回国勢調査,世帯数,58838
平成22,2010,泉区,第19回国勢調査,人口,155698
平成22,2010,瀬谷区,第19回国勢調査,世帯数,49560
平成22,2010,瀬谷区,第19回国勢調査,人口,126913
平成23,2011,全市,推計人口,世帯数,1594871
平成23,2011,全市,推計人口,人口,3691693
平成23,2011,鶴見区,推計人口,世帯数,125678
平成23,2011,鶴見区,推計人口,人口,274338
平成23,2011,神奈川区,推計人口,世帯数,113835
平成23,2011,神奈川区,推計人口,人口,233162
平成23,2011,西区,推計人口,世帯数,49464
平成23,2011,西区,推計人口,人口,95205
平成23,2011,中区,推計人口,世帯数,76132
平成23,2011,中区,推計人口,人口,146412
平成23,2011,南区,推計人口,世帯数,92748
平成23,2011,南区,推計人口,人口,195317
平成23,2011,港南区,推計人口,世帯数,90307
平成23,2011,港南区,推計人口,人口,220483
平成23,2011,保土ケ谷区,推計人口,世帯数,90377
平成23,2011,保土ケ谷区,推計人口,人口,205875
平成23,2011,旭区,推計人口,世帯数,101697
平成23,2011,旭区,推計人口,人口,250648
平成23,2011,磯子区,推計人口,世帯数,71211
平成23,2011,磯子区,推計人口,人口,162220
平成23,2011,金沢区,推計人口,世帯数,86987
平成23,2011,金沢区,推計人口,人口,208033
平成23,2011,港北区,推計人口,世帯数,156186
平成23,2011,港北区,推計人口,人口,331937
平成23,2011,緑区,推計人口,世帯数,71662
平成23,2011,緑区,推計人口,人口,177523
平成23,2011,青葉区,推計人口,世帯数,121702
平成23,2011,青葉区,推計人口,人口,305687
平成23,2011,都筑区,推計人口,世帯数,76377
平成23,2011,都筑区,推計人口,人口,203999
平成23,2011,戸塚区,推計人口,世帯数,110482
平成23,2011,戸塚区,推計人口,人口,274351
平成23,2011,栄区,推計人口,世帯数,50865
平成23,2011,栄区,推計人口,人口,124782
平成23,2011,泉区,推計人口,世帯数,59375
平成23,2011,泉区,推計人口,人口,155409
平成23,2011,瀬谷区,推計人口,世帯数,49786
平成23,2011,瀬谷区,推計人口,人口,126312
平成24,2012,全市,推計人口,世帯数,1606472
平成24,2012,全市,推計人口,人口,3697006
平成24,2012,鶴見区,推計人口,世帯数,126789
平成24,2012,鶴見区,推計人口,人口,276027
平成24,2012,神奈川区,推計人口,世帯数,114722
平成24,2012,神奈川区,推計人口,人口,233389
平成24,2012,西区,推計人口,世帯数,50462
平成24,2012,西区,推計人口,人口,96919
平成24,2012,中区,推計人口,世帯数,76673
平成24,2012,中区,推計人口,人口,147246
平成24,2012,南区,推計人口,世帯数,93300
平成24,2012,南区,推計人口,人口,195114
平成24,2012,港南区,推計人口,世帯数,90272
平成24,2012,港南区,推計人口,人口,218827
平成24,2012,保土ケ谷区,推計人口,世帯数,90732
平成24,2012,保土ケ谷区,推計人口,人口,205223
平成24,2012,旭区,推計人口,世帯数,102101
平成24,2012,旭区,推計人口,人口,249774
平成24,2012,磯子区,推計人口,世帯数,71393
平成24,2012,磯子区,推計人口,人口,162115
平成24,2012,金沢区,推計人口,世帯数,87347
平成24,2012,金沢区,推計人口,人口,206694
平成24,2012,港北区,推計人口,世帯数,157400
平成24,2012,港北区,推計人口,人口,334040
平成24,2012,緑区,推計人口,世帯数,72419
平成24,2012,緑区,推計人口,人口,178309
平成24,2012,青葉区,推計人口,世帯数,122839
平成24,2012,青葉区,推計人口,人口,306738
平成24,2012,都筑区,推計人口,世帯数,77973
平成24,2012,都筑区,推計人口,人口,206997
平成24,2012,戸塚区,推計人口,世帯数,110876
平成24,2012,戸塚区,推計人口,人口,273850
平成24,2012,栄区,推計人口,世帯数,50965
平成24,2012,栄区,推計人口,人口,124191
平成24,2012,泉区,推計人口,世帯数,60064
平成24,2012,泉区,推計人口,人口,155499
平成24,2012,瀬谷区,推計人口,世帯数,50145
平成24,2012,瀬谷区,推計人口,人口,126054
平成25,2013,全市,推計人口,世帯数,1617839
平成25,2013,全市,推計人口,人口,3702551
平成25,2013,鶴見区,推計人口,世帯数,129024
平成25,2013,鶴見区,推計人口,人口,279315
平成25,2013,神奈川区,推計人口,世帯数,115750
平成25,2013,神奈川区,推計人口,人口,234404
平成25,2013,西区,推計人口,世帯数,50789
平成25,2013,西区,推計人口,人口,97119
平成25,2013,中区,推計人口,世帯数,76919
平成25,2013,中区,推計人口,人口,147112
平成25,2013,南区,推計人口,世帯数,93609
平成25,2013,南区,推計人口,人口,194497
平成25,2013,港南区,推計人口,世帯数,90497
平成25,2013,港南区,推計人口,人口,217976
平成25,2013,保土ケ谷区,推計人口,世帯数,91062
平成25,2013,保土ケ谷区,推計人口,人口,204422
平成25,2013,旭区,推計人口,世帯数,102426
平成25,2013,旭区,推計人口,人口,248996
平成25,2013,磯子区,推計人口,世帯数,71585
平成25,2013,磯子区,推計人口,人口,161861
平成25,2013,金沢区,推計人口,世帯数,87384
平成25,2013,金沢区,推計人口,人口,204851
平成25,2013,港北区,推計人口,世帯数,159928
平成25,2013,港北区,推計人口,人口,338378
平成25,2013,緑区,推計人口,世帯数,72985
平成25,2013,緑区,推計人口,人口,178735
平成25,2013,青葉区,推計人口,世帯数,123584
平成25,2013,青葉区,推計人口,人口,307690
平成25,2013,都筑区,推計人口,世帯数,79123
平成25,2013,都筑区,推計人口,人口,209487
平成25,2013,戸塚区,推計人口,世帯数,111481
平成25,2013,戸塚区,推計人口,人口,273858
平成25,2013,栄区,推計人口,世帯数,50903
平成25,2013,栄区,推計人口,人口,123272
平成25,2013,泉区,推計人口,世帯数,60437
平成25,2013,泉区,推計人口,人口,154893
平成25,2013,瀬谷区,推計人口,世帯数,50353
平成25,2013,瀬谷区,推計人口,人口,125685
平成26,2014,全市,推計人口,世帯数,1631395
平成26,2014,全市,推計人口,人口,3710008
平成26,2014,鶴見区,推計人口,世帯数,130610
平成26,2014,鶴見区,推計人口,人口,281644
平成26,2014,神奈川区,推計人口,世帯数,117144
平成26,2014,神奈川区,推計人口,人口,235751
平成26,2014,西区,推計人口,世帯数,51263
平成26,2014,西区,推計人口,人口,97684
平成26,2014,中区,推計人口,世帯数,77418
平成26,2014,中区,推計人口,人口,147489
平成26,2014,南区,推計人口,世帯数,94285
平成26,2014,南区,推計人口,人口,194473
平成26,2014,港南区,推計人口,世帯数,90671
平成26,2014,港南区,推計人口,人口,216958
平成26,2014,保土ケ谷区,推計人口,世帯数,91753
平成26,2014,保土ケ谷区,推計人口,人口,204442
平成26,2014,旭区,推計人口,世帯数,102794
平成26,2014,旭区,推計人口,人口,248164
平成26,2014,磯子区,推計人口,世帯数,72661
平成26,2014,磯子区,推計人口,人口,163249
平成26,2014,金沢区,推計人口,世帯数,87797
平成26,2014,金沢区,推計人口,人口,203661
平成26,2014,港北区,推計人口,世帯数,161906
平成26,2014,港北区,推計人口,人口,341324
平成26,2014,緑区,推計人口,世帯数,73609
平成26,2014,緑区,推計人口,人口,179326
平成26,2014,青葉区,推計人口,世帯数,124716
平成26,2014,青葉区,推計人口,人口,308587
平成26,2014,都筑区,推計人口,世帯数,79732
平成26,2014,都筑区,推計人口,人口,210430
平成26,2014,戸塚区,推計人口,世帯数,112528
平成26,2014,戸塚区,推計人口,人口,274565
平成26,2014,栄区,推計人口,世帯数,50922
平成26,2014,栄区,推計人口,人口,122304
平成26,2014,泉区,推計人口,世帯数,60908
平成26,2014,泉区,推計人口,人口,154540
平成26,2014,瀬谷区,推計人口,世帯数,50678
平成26,2014,瀬谷区,推計人口,人口,125417
平成27,2015,全市,第20回国勢調査,世帯数,1645618
平成27,2015,全市,第20回国勢調査,人口,3724844
平成27,2015,鶴見区,第20回国勢調査,世帯数,132814
平成27,2015,鶴見区,第20回国勢調査,人口,285356
平成27,2015,神奈川区,第20回国勢調査,世帯数,119397
平成27,2015,神奈川区,第20回国勢調査,人口,238966
平成27,2015,西区,第20回国勢調査,世帯数,51878
平成27,2015,西区,第20回国勢調査,人口,98532
平成27,2015,中区,第20回国勢調査,世帯数,78869
平成27,2015,中区,第20回国勢調査,人口,148312
平成27,2015,南区,第20回国勢調査,世帯数,95528
平成27,2015,南区,第20回国勢調査,人口,194827
平成27,2015,港南区,第20回国勢調査,世帯数,91007
平成27,2015,港南区,第20回国勢調査,人口,215736
平成27,2015,保土ケ谷区,第20回国勢調査,世帯数,92775
平成27,2015,保土ケ谷区,第20回国勢調査,人口,205493
平成27,2015,旭区,第20回国勢調査,世帯数,102728
平成27,2015,旭区,第20回国勢調査,人口,247144
平成27,2015,磯子区,第20回国勢調査,世帯数,74552
平成27,2015,磯子区,第20回国勢調査,人口,166229
平成27,2015,金沢区,第20回国勢調査,世帯数,86891
平成27,2015,金沢区,第20回国勢調査,人口,202229
平成27,2015,港北区,第20回国勢調査,世帯数,163519
平成27,2015,港北区,第20回国勢調査,人口,344172
平成27,2015,緑区,第20回国勢調査,世帯数,74498
平成27,2015,緑区,第20回国勢調査,人口,180366
平成27,2015,青葉区,第20回国勢調査,世帯数,125344
平成27,2015,青葉区,第20回国勢調査,人口,309692
平成27,2015,都筑区,第20回国勢調査,世帯数,80402
平成27,2015,都筑区,第20回国勢調査,人口,211751
平成27,2015,戸塚区,第20回国勢調査,世帯数,113421
平成27,2015,戸塚区,第20回国勢調査,人口,275283
平成27,2015,栄区,第20回国勢調査,世帯数,50853
平成27,2015,栄区,第20回国勢調査,人口,122171
平成27,2015,泉区,第20回国勢調査,世帯数,60707
平成27,2015,泉区,第20回国勢調査,人口,154025
平成27,2015,瀬谷区,第20回国勢調査,世帯数,50435
平成27,2015,瀬谷区,第20回国勢調査,人口,124560
平成28,2016,全市,推計人口,世帯数,1660256
平成28,2016,全市,推計人口,人口,3731293
平成28,2016,鶴見区,推計人口,世帯数,134388
平成28,2016,鶴見区,推計人口,人口,287156
平成28,2016,神奈川区,推計人口,世帯数,120794
平成28,2016,神奈川区,推計人口,人口,239935
平成28,2016,西区,推計人口,世帯数,52081
平成28,2016,西区,推計人口,人口,98699
平成28,2016,中区,推計人口,世帯数,79372
平成28,2016,中区,推計人口,人口,148855
平成28,2016,南区,推計人口,世帯数,96216
平成28,2016,南区,推計人口,人口,194773
平成28,2016,港南区,推計人口,世帯数,91568
平成28,2016,港南区,推計人口,人口,214836
平成28,2016,保土ケ谷区,推計人口,世帯数,93819
平成28,2016,保土ケ谷区,推計人口,人口,206423
平成28,2016,旭区,推計人口,世帯数,103580
平成28,2016,旭区,推計人口,人口,246868
平成28,2016,磯子区,推計人口,世帯数,75344
平成28,2016,磯子区,推計人口,人口,166710
平成28,2016,金沢区,推計人口,世帯数,87451
平成28,2016,金沢区,推計人口,人口,201468
平成28,2016,港北区,推計人口,世帯数,164983
平成28,2016,港北区,推計人口,人口,346588
平成28,2016,緑区,推計人口,世帯数,75505
平成28,2016,緑区,推計人口,人口,181141
平成28,2016,青葉区,推計人口,世帯数,126337
平成28,2016,青葉区,推計人口,人口,310339
平成28,2016,都筑区,推計人口,世帯数,81393
平成28,2016,都筑区,推計人口,人口,212263
平成28,2016,戸塚区,推計人口,世帯数,114566
平成28,2016,戸塚区,推計人口,人口,275813
平成28,2016,栄区,推計人口,世帯数,50970
平成28,2016,栄区,推計人口,人口,121515
平成28,2016,泉区,推計人口,世帯数,61176
平成28,2016,泉区,推計人口,人口,153715
平成28,2016,瀬谷区,推計人口,世帯数,50713
平成28,2016,瀬谷区,推計人口,人口,124196
平成29,2017,全市,推計人口,世帯数,1673662
平成29,2017,全市,推計人口,人口,3733234
平成29,2017,鶴見区,推計人口,世帯数,136001
平成29,2017,鶴見区,推計人口,人口,288765
平成29,2017,神奈川区,推計人口,世帯数,122400
平成29,2017,神奈川区,推計人口,人口,241510
平成29,2017,西区,推計人口,世帯数,52913
平成29,2017,西区,推計人口,人口,99816
平成29,2017,中区,推計人口,世帯数,79921
平成29,2017,中区,推計人口,人口,149274
平成29,2017,南区,推計人口,世帯数,97322
平成29,2017,南区,推計人口,人口,194875
平成29,2017,港南区,推計人口,世帯数,92081
平成29,2017,港南区,推計人口,人口,213985
平成29,2017,保土ケ谷区,推計人口,世帯数,94800
平成29,2017,保土ケ谷区,推計人口,人口,206608
平成29,2017,旭区,推計人口,世帯数,104139
平成29,2017,旭区,推計人口,人口,245765
平成29,2017,磯子区,推計人口,世帯数,75830
平成29,2017,磯子区,推計人口,人口,166618
平成29,2017,金沢区,推計人口,世帯数,87771
平成29,2017,金沢区,推計人口,人口,200287
平成29,2017,港北区,推計人口,世帯数,166415
平成29,2017,港北区,推計人口,人口,348609
平成29,2017,緑区,推計人口,世帯数,76010
平成29,2017,緑区,推計人口,人口,181142
平成29,2017,青葉区,推計人口,世帯数,127050
平成29,2017,青葉区,推計人口,人口,310010
平成29,2017,都筑区,推計人口,世帯数,81601
平成29,2017,都筑区,推計人口,人口,211228
平成29,2017,戸塚区,推計人口,世帯数,115861
平成29,2017,戸塚区,推計人口,人口,276926
平成29,2017,栄区,推計人口,世帯数,51153
平成29,2017,栄区,推計人口,人口,121125
平成29,2017,泉区,推計人口,世帯数,61500
平成29,2017,泉区,推計人口,人口,153212
平成29,2017,瀬谷区,推計人口,世帯数,50894
平成29,2017,瀬谷区,推計人口,人口,123479
平成30,2018,全市,推計人口,世帯数,1690932
平成30,2018,全市,推計人口,人口,3740172
平成30,2018,鶴見区,推計人口,世帯数,137834
平成30,2018,鶴見区,推計人口,人口,290860
平成30,2018,神奈川区,推計人口,世帯数,124197
平成30,2018,神奈川区,推計人口,人口,243416
平成30,2018,西区,推計人口,世帯数,54455
平成30,2018,西区,推計人口,人口,102141
平成30,2018,中区,推計人口,世帯数,80291
平成30,2018,中区,推計人口,人口,149036
平成30,2018,南区,推計人口,世帯数,98535
平成30,2018,南区,推計人口,人口,195225
平成30,2018,港南区,推計人口,世帯数,92972
平成30,2018,港南区,推計人口,人口,213952
平成30,2018,保土ケ谷区,推計人口,世帯数,95102
平成30,2018,保土ケ谷区,推計人口,人口,205568
平成30,2018,旭区,推計人口,世帯数,105219
平成30,2018,旭区,推計人口,人口,245747
平成30,2018,磯子区,推計人口,世帯数,76453
平成30,2018,磯子区,推計人口,人口,166657
平成30,2018,金沢区,推計人口,世帯数,88274
平成30,2018,金沢区,推計人口,人口,199558
平成30,2018,港北区,推計人口,世帯数,168470
平成30,2018,港北区,推計人口,人口,351111
平成30,2018,緑区,推計人口,世帯数,76855
平成30,2018,緑区,推計人口,人口,181523
平成30,2018,青葉区,推計人口,世帯数,128098
平成30,2018,青葉区,推計人口,人口,309626
平成30,2018,都筑区,推計人口,世帯数,82318
平成30,2018,都筑区,推計人口,人口,211383
平成30,2018,戸塚区,推計人口,世帯数,117774
平成30,2018,戸塚区,推計人口,人口,278975
平成30,2018,栄区,推計人口,世帯数,51115
平成30,2018,栄区,推計人口,人口,120107
平成30,2018,泉区,推計人口,世帯数,61844
平成30,2018,泉区,推計人口,人口,152459
平成30,2018,瀬谷区,推計人口,世帯数,51126
平成30,2018,瀬谷区,推計人口,人口,122828
令和元,2019,全市,推計人口,世帯数,1710900
令和元,2019,全市,推計人口,人口,3748781
令和元,2019,鶴見区,推計人口,世帯数,140093
令和元,2019,鶴見区,推計人口,人口,292709
令和元,2019,神奈川区,推計人口,世帯数,125924
令和元,2019,神奈川区,推計人口,人口,244838
令和元,2019,西区,推計人口,世帯数,55686
令和元,2019,西区,推計人口,人口,103761
令和元,2019,中区,推計人口,世帯数,81214
令和元,2019,中区,推計人口,人口,149598
令和元,2019,南区,推計人口,世帯数,99854
令和元,2019,南区,推計人口,人口,195677
令和元,2019,港南区,推計人口,世帯数,93980
令和元,2019,港南区,推計人口,人口,213933
令和元,2019,保土ケ谷区,推計人口,世帯数,96351
令和元,2019,保土ケ谷区,推計人口,人口,205859
令和元,2019,旭区,推計人口,世帯数,106092
令和元,2019,旭区,推計人口,人口,245169
令和元,2019,磯子区,推計人口,世帯数,77031
令和元,2019,磯子区,推計人口,人口,166410
令和元,2019,金沢区,推計人口,世帯数,88687
令和元,2019,金沢区,推計人口,人口,198593
令和元,2019,港北区,推計人口,世帯数,170650
令和元,2019,港北区,推計人口,人口,353201
令和元,2019,緑区,推計人口,世帯数,77858
令和元,2019,緑区,推計人口,人口,182115
令和元,2019,青葉区,推計人口,世帯数,129325
令和元,2019,青葉区,推計人口,人口,310156
令和元,2019,都筑区,推計人口,世帯数,83692
令和元,2019,都筑区,推計人口,人口,212437
令和元,2019,戸塚区,推計人口,世帯数,119519
令和元,2019,戸塚区,推計人口,人口,280700
令和元,2019,栄区,推計人口,世帯数,51359
令和元,2019,栄区,推計人口,人口,119604
令和元,2019,泉区,推計人口,世帯数,62189
令和元,2019,泉区,推計人口,人口,151855
令和元,2019,瀬谷区,推計人口,世帯数,51396
令和元,2019,瀬谷区,推計人口,人口,122166
令和２,2020,全市,第21回国勢調査,世帯数,1753081
令和２,2020,全市,第21回国勢調査,人口,3777491
令和２,2020,鶴見区,第21回国勢調査,世帯数,145586
令和２,2020,鶴見区,第21回国勢調査,人口,297437
令和２,2020,神奈川区,第21回国勢調査,世帯数,129183
令和２,2020,神奈川区,第21回国勢調査,人口,247267
令和２,2020,西区,第21回国勢調査,世帯数,57054
令和２,2020,西区,第21回国勢調査,人口,104935
令和２,2020,中区,第21回国勢調査,世帯数,85108
令和２,2020,中区,第21回国勢調査,人口,151388
令和２,2020,南区,第21回国勢調査,世帯数,103719
令和２,2020,南区,第21回国勢調査,人口,198157
令和２,2020,港南区,第21回国勢調査,世帯数,95526
令和２,2020,港南区,第21回国勢調査,人口,215248
令和２,2020,保土ケ谷区,第21回国勢調査,世帯数,99126
令和２,2020,保土ケ谷区,第21回国勢調査,人口,207811
令和２,2020,旭区,第21回国勢調査,世帯数,107049
令和２,2020,旭区,第21回国勢調査,人口,245174
令和２,2020,磯子区,第21回国勢調査,世帯数,78731
令和２,2020,磯子区,第21回国勢調査,人口,166731
令和２,2020,金沢区,第21回国勢調査,世帯数,89869
令和２,2020,金沢区,第21回国勢調査,人口,198939
令和２,2020,港北区,第21回国勢調査,世帯数,175521
令和２,2020,港北区,第21回国勢調査,人口,358530
令和２,2020,緑区,第21回国勢調査,世帯数,79411
令和２,2020,緑区,第21回国勢調査,人口,183082
令和２,2020,青葉区,第21回国勢調査,世帯数,132819
令和２,2020,青葉区,第21回国勢調査,人口,310756
令和２,2020,都筑区,第21回国勢調査,世帯数,84473
令和２,2020,都筑区,第21回国勢調査,人口,213132
令和２,2020,戸塚区,第21回国勢調査,世帯数,122053
令和２,2020,戸塚区,第21回国勢調査,人口,283709
令和２,2020,栄区,第21回国勢調査,世帯数,52592
令和２,2020,栄区,第21回国勢調査,人口,120194
令和２,2020,泉区,第21回国勢調査,世帯数,62847
令和２,2020,泉区,第21回国勢調査,人口,152378
令和２,2020,瀬谷区,第21回国勢調査,世帯数,52414
令和２,2020,瀬谷区,第21回国勢調査,人口,122623
令和３,2021,全市,推計人口,世帯数,1767218
令和３,2021,全市,推計人口,人口,3775352
令和３,2021,鶴見区,推計人口,世帯数,145917
令和３,2021,鶴見区,推計人口,人口,296140
令和３,2021,神奈川区,推計人口,世帯数,130482
令和３,2021,神奈川区,推計人口,人口,247651
令和３,2021,西区,推計人口,世帯数,57407
令和３,2021,西区,推計人口,人口,104778
令和３,2021,中区,推計人口,世帯数,85139
令和３,2021,中区,推計人口,人口,150667
令和３,2021,南区,推計人口,世帯数,104576
令和３,2021,南区,推計人口,人口,197761
令和３,2021,港南区,推計人口,世帯数,96508
令和３,2021,港南区,推計人口,人口,215272
令和３,2021,保土ケ谷区,推計人口,世帯数,99777
令和３,2021,保土ケ谷区,推計人口,人口,207185
令和３,2021,旭区,推計人口,世帯数,107254
令和３,2021,旭区,推計人口,人口,243564
令和３,2021,磯子区,推計人口,世帯数,79167
令和３,2021,磯子区,推計人口,人口,166363
令和３,2021,金沢区,推計人口,世帯数,90239
令和３,2021,金沢区,推計人口,人口,197719
令和３,2021,港北区,推計人口,世帯数,177166
令和３,2021,港北区,推計人口,人口,359846
令和３,2021,緑区,推計人口,世帯数,80345
令和３,2021,緑区,推計人口,人口,183410
令和３,2021,青葉区,推計人口,世帯数,134101
令和３,2021,青葉区,推計人口,人口,311057
令和３,2021,都筑区,推計人口,世帯数,86184
令和３,2021,都筑区,推計人口,人口,214838
令和３,2021,戸塚区,推計人口,世帯数,123384
令和３,2021,戸塚区,推計人口,人口,284215
令和３,2021,栄区,推計人口,世帯数,53319
令和３,2021,栄区,推計人口,人口,120591
令和３,2021,泉区,推計人口,世帯数,63363
令和３,2021,泉区,推計人口,人口,152196
令和３,2021,瀬谷区,推計人口,世帯数,52890
令和３,2021,瀬谷区,推計人口,人口,122099
令和４,2022,全市,推計人口,世帯数,1781879
令和４,2022,全市,推計人口,人口,3771961
令和４,2022,鶴見区,推計人口,世帯数,146524
令和４,2022,鶴見区,推計人口,人口,295366
令和４,2022,神奈川区,推計人口,世帯数,132215
令和４,2022,神奈川区,推計人口,人口,249054
令和４,2022,西区,推計人口,世帯数,58279
令和４,2022,西区,推計人口,人口,105588
令和４,2022,中区,推計人口,世帯数,86028
令和４,2022,中区,推計人口,人口,150877
令和４,2022,南区,推計人口,世帯数,105755
令和４,2022,南区,推計人口,人口,197672
令和４,2022,港南区,推計人口,世帯数,97044
令和４,2022,港南区,推計人口,人口,214599
令和４,2022,保土ケ谷区,推計人口,世帯数,100239
令和４,2022,保土ケ谷区,推計人口,人口,206152
令和４,2022,旭区,推計人口,世帯数,107739
令和４,2022,旭区,推計人口,人口,242572
令和４,2022,磯子区,推計人口,世帯数,79373
令和４,2022,磯子区,推計人口,人口,165605
令和４,2022,金沢区,推計人口,世帯数,90815
令和４,2022,金沢区,推計人口,人口,196660
令和４,2022,港北区,推計人口,世帯数,179482
令和４,2022,港北区,推計人口,人口,362122
令和４,2022,緑区,推計人口,世帯数,80801
令和４,2022,緑区,推計人口,人口,182755
令和４,2022,青葉区,推計人口,世帯数,135100
令和４,2022,青葉区,推計人口,人口,310490
令和４,2022,都筑区,推計人口,世帯数,87108
令和４,2022,都筑区,推計人口,人口,214737
令和４,2022,戸塚区,推計人口,世帯数,124228
令和４,2022,戸塚区,推計人口,人口,283610
令和４,2022,栄区,推計人口,世帯数,53958
令和４,2022,栄区,推計人口,人口,120879
令和４,2022,泉区,推計人口,世帯数,63842
令和４,2022,泉区,推計人口,人口,151571
令和４,2022,瀬谷区,推計人口,世帯数,53349
令和４,2022,瀬谷区,推計人口,人口,121652
令和５,2023,全市,推計人口,世帯数,1799480
令和５,2023,全市,推計人口,人口,3771766
令和５,2023,鶴見区,推計人口,世帯数,148526
令和５,2023,鶴見区,推計人口,人口,295863
令和５,2023,神奈川区,推計人口,世帯数,133749
令和５,2023,神奈川区,推計人口,人口,249773
令和５,2023,西区,推計人口,世帯数,59228
令和５,2023,西区,推計人口,人口,106417
令和５,2023,中区,推計人口,世帯数,87497
令和５,2023,中区,推計人口,人口,151931
令和５,2023,南区,推計人口,世帯数,107869
令和５,2023,南区,推計人口,人口,198934
令和５,2023,港南区,推計人口,世帯数,97504
令和５,2023,港南区,推計人口,人口,213805
令和５,2023,保土ケ谷区,推計人口,世帯数,100982
令和５,2023,保土ケ谷区,推計人口,人口,205790
令和５,2023,旭区,推計人口,世帯数,108396
令和５,2023,旭区,推計人口,人口,241767
令和５,2023,磯子区,推計人口,世帯数,79912
令和５,2023,磯子区,推計人口,人口,165196
令和５,2023,金沢区,推計人口,世帯数,90936
令和５,2023,金沢区,推計人口,人口,195201
令和５,2023,港北区,推計人口,世帯数,181173
令和５,2023,港北区,推計人口,人口,363097
令和５,2023,緑区,推計人口,世帯数,81666
令和５,2023,緑区,推計人口,人口,182981
令和５,2023,青葉区,推計人口,世帯数,135860
令和５,2023,青葉区,推計人口,人口,309399
令和５,2023,都筑区,推計人口,世帯数,88252
令和５,2023,都筑区,推計人口,人口,215267
令和５,2023,戸塚区,推計人口,世帯数,125372
令和５,2023,戸塚区,推計人口,人口,283190
令和５,2023,栄区,推計人口,世帯数,54395
令和５,2023,栄区,推計人口,人口,120821
令和５,2023,泉区,推計人口,世帯数,64136
令和５,2023,泉区,推計人口,人口,150814
令和５,2023,瀬谷区,推計人口,世帯数,54027
令和５,2023,瀬谷区,推計人口,人口,121520
令和６,2024,全市,推計人口,世帯数,1817762
令和６,2024,全市,推計人口,人口,3771063
令和６,2024,鶴見区,推計人口,世帯数,150806
令和６,2024,鶴見区,推計人口,人口,297180
令和６,2024,神奈川区,推計人口,世帯数,136210
令和６,2024,神奈川区,推計人口,人口,251587
令和６,2024,西区,推計人口,世帯数,60116
令和６,2024,西区,推計人口,人口,107155
令和６,2024,中区,推計人口,世帯数,88989
令和６,2024,中区,推計人口,人口,153008
令和６,2024,南区,推計人口,世帯数,109350
令和６,2024,南区,推計人口,人口,199485
令和６,2024,港南区,推計人口,世帯数,97708
令和６,2024,港南区,推計人口,人口,212267
令和６,2024,保土ケ谷区,推計人口,世帯数,101821
令和６,2024,保土ケ谷区,推計人口,人口,205360
令和６,2024,旭区,推計人口,世帯数,109104
令和６,2024,旭区,推計人口,人口,240825
令和６,2024,磯子区,推計人口,世帯数,80342
令和６,2024,磯子区,推計人口,人口,164598
令和６,2024,金沢区,推計人口,世帯数,91313
令和６,2024,金沢区,推計人口,人口,193897
令和６,2024,港北区,推計人口,世帯数,183420
令和６,2024,港北区,推計人口,人口,365316
令和６,2024,緑区,推計人口,世帯数,82476
令和６,2024,緑区,推計人口,人口,182809
令和６,2024,青葉区,推計人口,世帯数,136717
令和６,2024,青葉区,推計人口,人口,308085
令和６,2024,都筑区,推計人口,世帯数,89294
令和６,2024,都筑区,推計人口,人口,214969
令和６,2024,戸塚区,推計人口,世帯数,126134
令和６,2024,戸塚区,推計人口,人口,282458
令和６,2024,栄区,推計人口,世帯数,54805
令和６,2024,栄区,推計人口,人口,120519
令和６,2024,泉区,推計人口,世帯数,64743
令和６,2024,泉区,推計人口,人口,150418
令和６,2024,瀬谷区,推計人口,世帯数,54414
令和６,2024,瀬谷区,推計人口,人口,121127
