年（和暦）,年（西暦）,月,項目,単位,値
昭和54,1979,10,市域面積,km2,426.71
昭和54,1979,10,世帯数,世帯,826723
昭和54,1979,10,人口総数,人,2763270
昭和54,1979,10,男,人,1415579
昭和54,1979,10,女,人,1347691
昭和55,1980,10,市域面積,km2,426.72
昭和55,1980,10,世帯数,世帯,925282
昭和55,1980,10,人口総数,人,2773674
昭和55,1980,10,男,人,1417015
昭和55,1980,10,女,人,1356659
昭和56,1981,10,市域面積,km2,429.08
昭和56,1981,10,世帯数,世帯,942356
昭和56,1981,10,人口総数,人,2806375
昭和56,1981,10,男,人,1434660
昭和56,1981,10,女,人,1371715
昭和57,1982,10,市域面積,km2,429.88
昭和57,1982,10,世帯数,世帯,963863
昭和57,1982,10,人口総数,人,2848155
昭和57,1982,10,男,人,1457443
昭和57,1982,10,女,人,1390712
昭和58,1983,10,市域面積,km2,429.89
昭和58,1983,10,世帯数,世帯,986872
昭和58,1983,10,人口総数,人,2893421
昭和58,1983,10,男,人,1481340
昭和58,1983,10,女,人,1412081
昭和59,1984,10,市域面積,km2,430.42
昭和59,1984,10,世帯数,世帯,1012006
昭和59,1984,10,人口総数,人,2943234
昭和59,1984,10,男,人,1507792
昭和59,1984,10,女,人,1435442
昭和60,1985,10,市域面積,km2,430.75
昭和60,1985,10,世帯数,世帯,1027090
昭和60,1985,10,人口総数,人,2992926
昭和60,1985,10,男,人,1532758
昭和60,1985,10,女,人,1460168
昭和61,1986,10,市域面積,km2,430.8
昭和61,1986,10,世帯数,世帯,1056830
昭和61,1986,10,人口総数,人,3049782
昭和61,1986,10,男,人,1563301
昭和61,1986,10,女,人,1486481
昭和62,1987,10,市域面積,km2,431.57
昭和62,1987,10,世帯数,世帯,1088661
昭和62,1987,10,人口総数,人,3110273
昭和62,1987,10,男,人,1595329
昭和62,1987,10,女,人,1514944
昭和63,1988,10,市域面積,km2,431.57
昭和63,1988,10,世帯数,世帯,1114970
昭和63,1988,10,人口総数,人,3151087
昭和63,1988,10,男,人,1616256
昭和63,1988,10,女,人,1534831
平成元,1989,10,市域面積,km2,431.57
平成元,1989,10,世帯数,世帯,1144535
平成元,1989,10,人口総数,人,3190703
平成元,1989,10,男,人,1637689
平成元,1989,10,女,人,1553014
平成２,1990,10,市域面積,km2,431.57
平成２,1990,10,世帯数,世帯,1170032
平成２,1990,10,人口総数,人,3220331
平成２,1990,10,男,人,1651527
平成２,1990,10,女,人,1568804
平成３,1991,10,市域面積,km2,433.17
平成３,1991,10,世帯数,世帯,1194464
平成３,1991,10,人口総数,人,3250887
平成３,1991,10,男,人,1666275
平成３,1991,10,女,人,1584612
平成４,1992,10,市域面積,km2,433.17
平成４,1992,10,世帯数,世帯,1216528
平成４,1992,10,人口総数,人,3272180
平成４,1992,10,男,人,1675724
平成４,1992,10,女,人,1596456
平成５,1993,10,市域面積,km2,433.17
平成５,1993,10,世帯数,世帯,1234554
平成５,1993,10,人口総数,人,3288464
平成５,1993,10,男,人,1681677
平成５,1993,10,女,人,1606787
平成６,1994,10,市域面積,km2,433.2
平成６,1994,10,世帯数,世帯,1248009
平成６,1994,10,人口総数,人,3300513
平成６,1994,10,男,人,1684538
平成６,1994,10,女,人,1615975
平成７,1995,10,市域面積,km2,433.2
平成７,1995,10,世帯数,世帯,1261330
平成７,1995,10,人口総数,人,3307136
平成７,1995,10,男,人,1685332
平成７,1995,10,女,人,1621804
平成８,1996,10,市域面積,km2,433.54
平成８,1996,10,世帯数,世帯,1279083
平成８,1996,10,人口総数,人,3319815
平成８,1996,10,男,人,1688938
平成８,1996,10,女,人,1630877
平成９,1997,10,市域面積,km2,433.63
平成９,1997,10,世帯数,世帯,1300794
平成９,1997,10,人口総数,人,3339594
平成９,1997,10,男,人,1696410
平成９,1997,10,女,人,1643184
平成10,1998,10,市域面積,km2,434.43
平成10,1998,10,世帯数,世帯,1327406
平成10,1998,10,人口総数,人,3368939
平成10,1998,10,男,人,1709796
平成10,1998,10,女,人,1659143
平成11,1999,10,市域面積,km2,434.45
平成11,1999,10,世帯数,世帯,1351166
平成11,1999,10,人口総数,人,3392937
平成11,1999,10,男,人,1719908
平成11,1999,10,女,人,1673029
平成12,2000,1,市域面積,km2,434.59
平成12,2000,1,世帯数,世帯,1354590
平成12,2000,1,人口総数,人,3397895
平成12,2000,1,男,人,1721562
平成12,2000,1,女,人,1676333
平成12,2000,2,市域面積,km2,434.64
平成12,2000,2,世帯数,世帯,1355640
平成12,2000,2,人口総数,人,3399822
平成12,2000,2,男,人,1722218
平成12,2000,2,女,人,1677604
平成12,2000,3,市域面積,km2,434.64
平成12,2000,3,世帯数,世帯,1355808
平成12,2000,3,人口総数,人,3399827
平成12,2000,3,男,人,1721719
平成12,2000,3,女,人,1678108
平成12,2000,4,市域面積,km2,434.64
平成12,2000,4,世帯数,世帯,1359184
平成12,2000,4,人口総数,人,3400149
平成12,2000,4,男,人,1720929
平成12,2000,4,女,人,1679220
平成12,2000,5,市域面積,km2,434.64
平成12,2000,5,世帯数,世帯,1368700
平成12,2000,5,人口総数,人,3411949
平成12,2000,5,男,人,1727840
平成12,2000,5,女,人,1684109
平成12,2000,6,市域面積,km2,434.64
平成12,2000,6,世帯数,世帯,1371129
平成12,2000,6,人口総数,人,3414854
平成12,2000,6,男,人,1728992
平成12,2000,6,女,人,1685862
平成12,2000,7,市域面積,km2,434.64
平成12,2000,7,世帯数,世帯,1372433
平成12,2000,7,人口総数,人,3416402
平成12,2000,7,男,人,1729549
平成12,2000,7,女,人,1686853
平成12,2000,8,市域面積,km2,434.71
平成12,2000,8,世帯数,世帯,1373460
平成12,2000,8,人口総数,人,3417792
平成12,2000,8,男,人,1730024
平成12,2000,8,女,人,1687768
平成12,2000,9,市域面積,km2,434.71
平成12,2000,9,世帯数,世帯,1375409
平成12,2000,9,人口総数,人,3420699
平成12,2000,9,男,人,1731201
平成12,2000,9,女,人,1689498
平成12,2000,10,市域面積,km2,434.71
平成12,2000,10,世帯数,世帯,1370346
平成12,2000,10,人口総数,人,3426651
平成12,2000,10,男,人,1735392
平成12,2000,10,女,人,1691259
平成12,2000,11,市域面積,km2,434.71
平成12,2000,11,世帯数,世帯,1372545
平成12,2000,11,人口総数,人,3429764
平成12,2000,11,男,人,1736881
平成12,2000,11,女,人,1692883
平成12,2000,12,市域面積,km2,434.71
平成12,2000,12,世帯数,世帯,1374209
平成12,2000,12,人口総数,人,3431809
平成12,2000,12,男,人,1737786
平成12,2000,12,女,人,1694023
平成13,2001,1,市域面積,km2,434.71
平成13,2001,1,世帯数,世帯,1374780
平成13,2001,1,人口総数,人,3432703
平成13,2001,1,男,人,1737999
平成13,2001,1,女,人,1694704
平成13,2001,2,市域面積,km2,434.71
平成13,2001,2,世帯数,世帯,1375980
平成13,2001,2,人口総数,人,3434951
平成13,2001,2,男,人,1738764
平成13,2001,2,女,人,1696187
平成13,2001,3,市域面積,km2,434.71
平成13,2001,3,世帯数,世帯,1376529
平成13,2001,3,人口総数,人,3435184
平成13,2001,3,男,人,1738523
平成13,2001,3,女,人,1696661
平成13,2001,4,市域面積,km2,434.71
平成13,2001,4,世帯数,世帯,1380294
平成13,2001,4,人口総数,人,3435699
平成13,2001,4,男,人,1738143
平成13,2001,4,女,人,1697556
平成13,2001,5,市域面積,km2,434.71
平成13,2001,5,世帯数,世帯,1391062
平成13,2001,5,人口総数,人,3448800
平成13,2001,5,男,人,1745645
平成13,2001,5,女,人,1703155
平成13,2001,6,市域面積,km2,434.71
平成13,2001,6,世帯数,世帯,1394081
平成13,2001,6,人口総数,人,3452151
平成13,2001,6,男,人,1747436
平成13,2001,6,女,人,1704715
平成13,2001,7,市域面積,km2,434.71
平成13,2001,7,世帯数,世帯,1396309
平成13,2001,7,人口総数,人,3454520
平成13,2001,7,男,人,1748569
平成13,2001,7,女,人,1705951
平成13,2001,8,市域面積,km2,434.73
平成13,2001,8,世帯数,世帯,1398028
平成13,2001,8,人口総数,人,3456683
平成13,2001,8,男,人,1749614
平成13,2001,8,女,人,1707069
平成13,2001,9,市域面積,km2,434.73
平成13,2001,9,世帯数,世帯,1400509
平成13,2001,9,人口総数,人,3460130
平成13,2001,9,男,人,1751226
平成13,2001,9,女,人,1708904
平成13,2001,10,市域面積,km2,434.73
平成13,2001,10,世帯数,世帯,1401917
平成13,2001,10,人口総数,人,3461690
平成13,2001,10,男,人,1751756
平成13,2001,10,女,人,1709934
平成13,2001,11,市域面積,km2,434.73
平成13,2001,11,世帯数,世帯,1405116
平成13,2001,11,人口総数,人,3466239
平成13,2001,11,男,人,1753919
平成13,2001,11,女,人,1712320
平成13,2001,12,市域面積,km2,434.73
平成13,2001,12,世帯数,世帯,1406643
平成13,2001,12,人口総数,人,3468267
平成13,2001,12,男,人,1754590
平成13,2001,12,女,人,1713677
平成14,2002,1,市域面積,km2,434.73
平成14,2002,1,世帯数,世帯,1407315
平成14,2002,1,人口総数,人,3469108
平成14,2002,1,男,人,1754655
平成14,2002,1,女,人,1714453
平成14,2002,2,市域面積,km2,434.73
平成14,2002,2,世帯数,世帯,1408388
平成14,2002,2,人口総数,人,3470541
平成14,2002,2,男,人,1755140
平成14,2002,2,女,人,1715401
平成14,2002,3,市域面積,km2,434.73
平成14,2002,3,世帯数,世帯,1409214
平成14,2002,3,人口総数,人,3471203
平成14,2002,3,男,人,1755263
平成14,2002,3,女,人,1715940
平成14,2002,4,市域面積,km2,434.73
平成14,2002,4,世帯数,世帯,1412547
平成14,2002,4,人口総数,人,3470790
平成14,2002,4,男,人,1754587
平成14,2002,4,女,人,1716203
平成14,2002,5,市域面積,km2,434.73
平成14,2002,5,世帯数,世帯,1424605
平成14,2002,5,人口総数,人,3486470
平成14,2002,5,男,人,1763335
平成14,2002,5,女,人,1723135
平成14,2002,6,市域面積,km2,434.73
平成14,2002,6,世帯数,世帯,1427389
平成14,2002,6,人口総数,人,3489694
平成14,2002,6,男,人,1764895
平成14,2002,6,女,人,1724799
平成14,2002,7,市域面積,km2,434.73
平成14,2002,7,世帯数,世帯,1428783
平成14,2002,7,人口総数,人,3491159
平成14,2002,7,男,人,1765389
平成14,2002,7,女,人,1725770
平成14,2002,8,市域面積,km2,434.73
平成14,2002,8,世帯数,世帯,1430331
平成14,2002,8,人口総数,人,3493210
平成14,2002,8,男,人,1766100
平成14,2002,8,女,人,1727110
平成14,2002,9,市域面積,km2,434.73
平成14,2002,9,世帯数,世帯,1431960
平成14,2002,9,人口総数,人,3495555
平成14,2002,9,男,人,1767130
平成14,2002,9,女,人,1728425
平成14,2002,10,市域面積,km2,434.73
平成14,2002,10,世帯数,世帯,1433127
平成14,2002,10,人口総数,人,3496927
平成14,2002,10,男,人,1767452
平成14,2002,10,女,人,1729475
平成14,2002,11,市域面積,km2,434.73
平成14,2002,11,世帯数,世帯,1435646
平成14,2002,11,人口総数,人,3500284
平成14,2002,11,男,人,1768912
平成14,2002,11,女,人,1731372
平成14,2002,12,市域面積,km2,434.73
平成14,2002,12,世帯数,世帯,1437140
平成14,2002,12,人口総数,人,3502087
平成14,2002,12,男,人,1769563
平成14,2002,12,女,人,1732524
平成15,2003,1,市域面積,km2,434.73
平成15,2003,1,世帯数,世帯,1437754
平成15,2003,1,人口総数,人,3503182
平成15,2003,1,男,人,1769756
平成15,2003,1,女,人,1733426
平成15,2003,2,市域面積,km2,434.73
平成15,2003,2,世帯数,世帯,1438626
平成15,2003,2,人口総数,人,3504494
平成15,2003,2,男,人,1770097
平成15,2003,2,女,人,1734397
平成15,2003,3,市域面積,km2,434.73
平成15,2003,3,世帯数,世帯,1439144
平成15,2003,3,人口総数,人,3504530
平成15,2003,3,男,人,1770008
平成15,2003,3,女,人,1734522
平成15,2003,4,市域面積,km2,434.95
平成15,2003,4,世帯数,世帯,1444360
平成15,2003,4,人口総数,人,3507157
平成15,2003,4,男,人,1770890
平成15,2003,4,女,人,1736267
平成15,2003,5,市域面積,km2,434.95
平成15,2003,5,世帯数,世帯,1454065
平成15,2003,5,人口総数,人,3519103
平成15,2003,5,男,人,1777384
平成15,2003,5,女,人,1741719
平成15,2003,6,市域面積,km2,434.95
平成15,2003,6,世帯数,世帯,1456202
平成15,2003,6,人口総数,人,3521543
平成15,2003,6,男,人,1778427
平成15,2003,6,女,人,1743116
平成15,2003,7,市域面積,km2,434.95
平成15,2003,7,世帯数,世帯,1457531
平成15,2003,7,人口総数,人,3523065
平成15,2003,7,男,人,1779123
平成15,2003,7,女,人,1743942
平成15,2003,8,市域面積,km2,434.95
平成15,2003,8,世帯数,世帯,1458683
平成15,2003,8,人口総数,人,3524358
平成15,2003,8,男,人,1779656
平成15,2003,8,女,人,1744702
平成15,2003,9,市域面積,km2,434.95
平成15,2003,9,世帯数,世帯,1459743
平成15,2003,9,人口総数,人,3526183
平成15,2003,9,男,人,1780419
平成15,2003,9,女,人,1745764
平成15,2003,10,市域面積,km2,434.95
平成15,2003,10,世帯数,世帯,1461030
平成15,2003,10,人口総数,人,3527295
平成15,2003,10,男,人,1780570
平成15,2003,10,女,人,1746725
平成15,2003,11,市域面積,km2,434.98
平成15,2003,11,世帯数,世帯,1463235
平成15,2003,11,人口総数,人,3529970
平成15,2003,11,男,人,1781753
平成15,2003,11,女,人,1748217
平成15,2003,12,市域面積,km2,434.98
平成15,2003,12,世帯数,世帯,1464743
平成15,2003,12,人口総数,人,3531881
平成15,2003,12,男,人,1782442
平成15,2003,12,女,人,1749439
平成16,2004,1,市域面積,km2,434.98
平成16,2004,1,世帯数,世帯,1465251
平成16,2004,1,人口総数,人,3532691
平成16,2004,1,男,人,1782396
平成16,2004,1,女,人,1750295
平成16,2004,2,市域面積,km2,434.98
平成16,2004,2,世帯数,世帯,1465638
平成16,2004,2,人口総数,人,3533573
平成16,2004,2,男,人,1782605
平成16,2004,2,女,人,1750968
平成16,2004,3,市域面積,km2,434.98
平成16,2004,3,世帯数,世帯,1466741
平成16,2004,3,人口総数,人,3534492
平成16,2004,3,男,人,1782957
平成16,2004,3,女,人,1751535
平成16,2004,4,市域面積,km2,434.98
平成16,2004,4,世帯数,世帯,1472236
平成16,2004,4,人口総数,人,3538352
平成16,2004,4,男,人,1784158
平成16,2004,4,女,人,1754194
平成16,2004,5,市域面積,km2,434.98
平成16,2004,5,世帯数,世帯,1480544
平成16,2004,5,人口総数,人,3548595
平成16,2004,5,男,人,1789825
平成16,2004,5,女,人,1758770
平成16,2004,6,市域面積,km2,434.98
平成16,2004,6,世帯数,世帯,1482634
平成16,2004,6,人口総数,人,3551230
平成16,2004,6,男,人,1791009
平成16,2004,6,女,人,1760221
平成16,2004,7,市域面積,km2,434.98
平成16,2004,7,世帯数,世帯,1484247
平成16,2004,7,人口総数,人,3552857
平成16,2004,7,男,人,1791547
平成16,2004,7,女,人,1761310
平成16,2004,8,市域面積,km2,434.98
平成16,2004,8,世帯数,世帯,1484101
平成16,2004,8,人口総数,人,3552560
平成16,2004,8,男,人,1791073
平成16,2004,8,女,人,1761487
平成16,2004,9,市域面積,km2,434.98
平成16,2004,9,世帯数,世帯,1485339
平成16,2004,9,人口総数,人,3554422
平成16,2004,9,男,人,1791929
平成16,2004,9,女,人,1762493
平成16,2004,10,市域面積,km2,434.98
平成16,2004,10,世帯数,世帯,1486429
平成16,2004,10,人口総数,人,3555473
平成16,2004,10,男,人,1792219
平成16,2004,10,女,人,1763254
平成16,2004,11,市域面積,km2,434.98
平成16,2004,11,世帯数,世帯,1487885
平成16,2004,11,人口総数,人,3557366
平成16,2004,11,男,人,1793135
平成16,2004,11,女,人,1764231
平成16,2004,12,市域面積,km2,434.98
平成16,2004,12,世帯数,世帯,1489203
平成16,2004,12,人口総数,人,3559226
平成16,2004,12,男,人,1793934
平成16,2004,12,女,人,1765292
平成17,2005,1,市域面積,km2,434.98
平成17,2005,1,世帯数,世帯,1489727
平成17,2005,1,人口総数,人,3559867
平成17,2005,1,男,人,1793899
平成17,2005,1,女,人,1765968
平成17,2005,2,市域面積,km2,434.98
平成17,2005,2,世帯数,世帯,1489706
平成17,2005,2,人口総数,人,3560008
平成17,2005,2,男,人,1793812
平成17,2005,2,女,人,1766196
平成17,2005,3,市域面積,km2,434.98
平成17,2005,3,世帯数,世帯,1490358
平成17,2005,3,人口総数,人,3560370
平成17,2005,3,男,人,1793741
平成17,2005,3,女,人,1766629
平成17,2005,4,市域面積,km2,434.98
平成17,2005,4,世帯数,世帯,1495207
平成17,2005,4,人口総数,人,3562281
平成17,2005,4,男,人,1794016
平成17,2005,4,女,人,1768265
平成17,2005,5,市域面積,km2,434.98
平成17,2005,5,世帯数,世帯,1502814
平成17,2005,5,人口総数,人,3571294
平成17,2005,5,男,人,1799013
平成17,2005,5,女,人,1772281
平成17,2005,6,市域面積,km2,434.98
平成17,2005,6,世帯数,世帯,1505026
平成17,2005,6,人口総数,人,3573588
平成17,2005,6,男,人,1800095
平成17,2005,6,女,人,1773493
平成17,2005,7,市域面積,km2,434.98
平成17,2005,7,世帯数,世帯,1506373
平成17,2005,7,人口総数,人,3574709
平成17,2005,7,男,人,1800465
平成17,2005,7,女,人,1774244
平成17,2005,8,市域面積,km2,434.98
平成17,2005,8,世帯数,世帯,1507307
平成17,2005,8,人口総数,人,3575515
平成17,2005,8,男,人,1800669
平成17,2005,8,女,人,1774846
平成17,2005,9,市域面積,km2,434.98
平成17,2005,9,世帯数,世帯,1508727
平成17,2005,9,人口総数,人,3577436
平成17,2005,9,男,人,1801564
平成17,2005,9,女,人,1775872
平成17,2005,10,市域面積,km2,434.98
平成17,2005,10,世帯数,世帯,1478104
平成17,2005,10,人口総数,人,3579628
平成17,2005,10,男,人,1803579
平成17,2005,10,女,人,1776049
平成17,2005,11,市域面積,km2,434.98
平成17,2005,11,世帯数,世帯,1480603
平成17,2005,11,人口総数,人,3582671
平成17,2005,11,男,人,1805027
平成17,2005,11,女,人,1777644
平成17,2005,12,市域面積,km2,434.98
平成17,2005,12,世帯数,世帯,1481875
平成17,2005,12,人口総数,人,3583862
平成17,2005,12,男,人,1805332
平成17,2005,12,女,人,1778530
平成18,2006,1,市域面積,km2,434.98
平成18,2006,1,世帯数,世帯,1482497
平成18,2006,1,人口総数,人,3584923
平成18,2006,1,男,人,1805506
平成18,2006,1,女,人,1779417
平成18,2006,2,市域面積,km2,434.98
平成18,2006,2,世帯数,世帯,1483330
平成18,2006,2,人口総数,人,3585016
平成18,2006,2,男,人,1805321
平成18,2006,2,女,人,1779695
平成18,2006,3,市域面積,km2,434.98
平成18,2006,3,世帯数,世帯,1484391
平成18,2006,3,人口総数,人,3585390
平成18,2006,3,男,人,1805208
平成18,2006,3,女,人,1780182
平成18,2006,4,市域面積,km2,434.98
平成18,2006,4,世帯数,世帯,1489783
平成18,2006,4,人口総数,人,3587123
平成18,2006,4,男,人,1805453
平成18,2006,4,女,人,1781670
平成18,2006,5,市域面積,km2,434.98
平成18,2006,5,世帯数,世帯,1497847
平成18,2006,5,人口総数,人,3596523
平成18,2006,5,男,人,1810917
平成18,2006,5,女,人,1785606
平成18,2006,6,市域面積,km2,434.98
平成18,2006,6,世帯数,世帯,1499885
平成18,2006,6,人口総数,人,3598797
平成18,2006,6,男,人,1811887
平成18,2006,6,女,人,1786910
平成18,2006,7,市域面積,km2,434.98
平成18,2006,7,世帯数,世帯,1500703
平成18,2006,7,人口総数,人,3598988
平成18,2006,7,男,人,1811788
平成18,2006,7,女,人,1787200
平成18,2006,8,市域面積,km2,434.98
平成18,2006,8,世帯数,世帯,1502089
平成18,2006,8,人口総数,人,3600670
平成18,2006,8,男,人,1812553
平成18,2006,8,女,人,1788117
平成18,2006,9,市域面積,km2,434.98
平成18,2006,9,世帯数,世帯,1503370
平成18,2006,9,人口総数,人,3602203
平成18,2006,9,男,人,1813205
平成18,2006,9,女,人,1788998
平成18,2006,10,市域面積,km2,434.98
平成18,2006,10,世帯数,世帯,1504348
平成18,2006,10,人口総数,人,3602758
平成18,2006,10,男,人,1813314
平成18,2006,10,女,人,1789444
平成18,2006,11,市域面積,km2,434.98
平成18,2006,11,世帯数,世帯,1506421
平成18,2006,11,人口総数,人,3605393
平成18,2006,11,男,人,1814545
平成18,2006,11,女,人,1790848
平成18,2006,12,市域面積,km2,434.98
平成18,2006,12,世帯数,世帯,1507534
平成18,2006,12,人口総数,人,3606650
平成18,2006,12,男,人,1815076
平成18,2006,12,女,人,1791574
平成19,2007,1,市域面積,km2,434.98
平成19,2007,1,世帯数,世帯,1507645
平成19,2007,1,人口総数,人,3606797
平成19,2007,1,男,人,1814833
平成19,2007,1,女,人,1791964
平成19,2007,2,市域面積,km2,434.98
平成19,2007,2,世帯数,世帯,1508089
平成19,2007,2,人口総数,人,3606902
平成19,2007,2,男,人,1814587
平成19,2007,2,女,人,1792315
平成19,2007,3,市域面積,km2,434.98
平成19,2007,3,世帯数,世帯,1509031
平成19,2007,3,人口総数,人,3607125
平成19,2007,3,男,人,1814531
平成19,2007,3,女,人,1792594
平成19,2007,4,市域面積,km2,434.98
平成19,2007,4,世帯数,世帯,1514847
平成19,2007,4,人口総数,人,3609078
平成19,2007,4,男,人,1814884
平成19,2007,4,女,人,1794194
平成19,2007,5,市域面積,km2,434.98
平成19,2007,5,世帯数,世帯,1523356
平成19,2007,5,人口総数,人,3619175
平成19,2007,5,男,人,1820781
平成19,2007,5,女,人,1798394
平成19,2007,6,市域面積,km2,434.98
平成19,2007,6,世帯数,世帯,1525906
平成19,2007,6,人口総数,人,3622168
平成19,2007,6,男,人,1822235
平成19,2007,6,女,人,1799933
平成19,2007,7,市域面積,km2,434.98
平成19,2007,7,世帯数,世帯,1527548
平成19,2007,7,人口総数,人,3623795
平成19,2007,7,男,人,1822891
平成19,2007,7,女,人,1800904
平成19,2007,8,市域面積,km2,434.98
平成19,2007,8,世帯数,世帯,1528911
平成19,2007,8,人口総数,人,3625495
平成19,2007,8,男,人,1823700
平成19,2007,8,女,人,1801795
平成19,2007,9,市域面積,km2,434.98
平成19,2007,9,世帯数,世帯,1530347
平成19,2007,9,人口総数,人,3627356
平成19,2007,9,男,人,1824564
平成19,2007,9,女,人,1802792
平成19,2007,10,市域面積,km2,434.98
平成19,2007,10,世帯数,世帯,1531033
平成19,2007,10,人口総数,人,3627420
平成19,2007,10,男,人,1824256
平成19,2007,10,女,人,1803164
平成19,2007,11,市域面積,km2,434.98
平成19,2007,11,世帯数,世帯,1533075
平成19,2007,11,人口総数,人,3630036
平成19,2007,11,男,人,1825469
平成19,2007,11,女,人,1804567
平成19,2007,12,市域面積,km2,434.98
平成19,2007,12,世帯数,世帯,1533824
平成19,2007,12,人口総数,人,3630830
平成19,2007,12,男,人,1825723
平成19,2007,12,女,人,1805107
平成20,2008,1,市域面積,km2,434.98
平成20,2008,1,世帯数,世帯,1534190
平成20,2008,1,人口総数,人,3631236
平成20,2008,1,男,人,1825635
平成20,2008,1,女,人,1805601
平成20,2008,2,市域面積,km2,434.98
平成20,2008,2,世帯数,世帯,1534676
平成20,2008,2,人口総数,人,3631560
平成20,2008,2,男,人,1825568
平成20,2008,2,女,人,1805992
平成20,2008,3,市域面積,km2,434.98
平成20,2008,3,世帯数,世帯,1535191
平成20,2008,3,人口総数,人,3631773
平成20,2008,3,男,人,1825374
平成20,2008,3,女,人,1806399
平成20,2008,4,市域面積,km2,434.98
平成20,2008,4,世帯数,世帯,1542127
平成20,2008,4,人口総数,人,3635033
平成20,2008,4,男,人,1826930
平成20,2008,4,女,人,1808103
平成20,2008,5,市域面積,km2,434.98
平成20,2008,5,世帯数,世帯,1549860
平成20,2008,5,人口総数,人,3643641
平成20,2008,5,男,人,1831775
平成20,2008,5,女,人,1811866
平成20,2008,6,市域面積,km2,434.98
平成20,2008,6,世帯数,世帯,1551669
平成20,2008,6,人口総数,人,3645507
平成20,2008,6,男,人,1832485
平成20,2008,6,女,人,1813022
平成20,2008,7,市域面積,km2,434.98
平成20,2008,7,世帯数,世帯,1553069
平成20,2008,7,人口総数,人,3646890
平成20,2008,7,男,人,1832913
平成20,2008,7,女,人,1813977
平成20,2008,8,市域面積,km2,434.98
平成20,2008,8,世帯数,世帯,1553974
平成20,2008,8,人口総数,人,3648098
平成20,2008,8,男,人,1833243
平成20,2008,8,女,人,1814855
平成20,2008,9,市域面積,km2,434.98
平成20,2008,9,世帯数,世帯,1555202
平成20,2008,9,人口総数,人,3650018
平成20,2008,9,男,人,1834091
平成20,2008,9,女,人,1815927
平成20,2008,10,市域面積,km2,434.98
平成20,2008,10,世帯数,世帯,1556816
平成20,2008,10,人口総数,人,3651428
平成20,2008,10,男,人,1834602
平成20,2008,10,女,人,1816826
平成20,2008,11,市域面積,km2,434.98
平成20,2008,11,世帯数,世帯,1558386
平成20,2008,11,人口総数,人,3653301
平成20,2008,11,男,人,1835399
平成20,2008,11,女,人,1817902
平成20,2008,12,市域面積,km2,434.98
平成20,2008,12,世帯数,世帯,1559141
平成20,2008,12,人口総数,人,3654326
平成20,2008,12,男,人,1835709
平成20,2008,12,女,人,1818617
平成21,2009,1,市域面積,km2,434.98
平成21,2009,1,世帯数,世帯,1559178
平成21,2009,1,人口総数,人,3654427
平成21,2009,1,男,人,1835383
平成21,2009,1,女,人,1819044
平成21,2009,2,市域面積,km2,434.98
平成21,2009,2,世帯数,世帯,1559152
平成21,2009,2,人口総数,人,3654532
平成21,2009,2,男,人,1835201
平成21,2009,2,女,人,1819331
平成21,2009,3,市域面積,km2,434.98
平成21,2009,3,世帯数,世帯,1559537
平成21,2009,3,人口総数,人,3654429
平成21,2009,3,男,人,1834863
平成21,2009,3,女,人,1819566
平成21,2009,4,市域面積,km2,434.98
平成21,2009,4,世帯数,世帯,1566960
平成21,2009,4,人口総数,人,3659010
平成21,2009,4,男,人,1836826
平成21,2009,4,女,人,1822184
平成21,2009,5,市域面積,km2,434.98
平成21,2009,5,世帯数,世帯,1574042
平成21,2009,5,人口総数,人,3667418
平成21,2009,5,男,人,1841434
平成21,2009,5,女,人,1825984
平成21,2009,6,市域面積,km2,434.98
平成21,2009,6,世帯数,世帯,1575218
平成21,2009,6,人口総数,人,3668939
平成21,2009,6,男,人,1842005
平成21,2009,6,女,人,1826934
平成21,2009,7,市域面積,km2,434.98
平成21,2009,7,世帯数,世帯,1576512
平成21,2009,7,人口総数,人,3670411
平成21,2009,7,男,人,1842683
平成21,2009,7,女,人,1827728
平成21,2009,8,市域面積,km2,434.98
平成21,2009,8,世帯数,世帯,1576718
平成21,2009,8,人口総数,人,3670669
平成21,2009,8,男,人,1842609
平成21,2009,8,女,人,1828060
平成21,2009,9,市域面積,km2,434.98
平成21,2009,9,世帯数,世帯,1577251
平成21,2009,9,人口総数,人,3671611
平成21,2009,9,男,人,1842876
平成21,2009,9,女,人,1828735
平成21,2009,10,市域面積,km2,434.98
平成21,2009,10,世帯数,世帯,1577579
平成21,2009,10,人口総数,人,3671776
平成21,2009,10,男,人,1842613
平成21,2009,10,女,人,1829163
平成21,2009,11,市域面積,km2,434.98
平成21,2009,11,世帯数,世帯,1578953
平成21,2009,11,人口総数,人,3673094
平成21,2009,11,男,人,1843091
平成21,2009,11,女,人,1830003
平成21,2009,12,市域面積,km2,434.98
平成21,2009,12,世帯数,世帯,1578817
平成21,2009,12,人口総数,人,3673323
平成21,2009,12,男,人,1842934
平成21,2009,12,女,人,1830389
平成22,2010,1,市域面積,km2,434.98
平成22,2010,1,世帯数,世帯,1578396
平成22,2010,1,人口総数,人,3672789
平成22,2010,1,男,人,1842474
平成22,2010,1,女,人,1830315
平成22,2010,2,市域面積,km2,434.98
平成22,2010,2,世帯数,世帯,1577852
平成22,2010,2,人口総数,人,3672238
平成22,2010,2,男,人,1841988
平成22,2010,2,女,人,1830250
平成22,2010,3,市域面積,km2,434.98
平成22,2010,3,世帯数,世帯,1577469
平成22,2010,3,人口総数,人,3671386
平成22,2010,3,男,人,1841330
平成22,2010,3,女,人,1830056
平成22,2010,4,市域面積,km2,434.98
平成22,2010,4,世帯数,世帯,1582149
平成22,2010,4,人口総数,人,3672985
平成22,2010,4,男,人,1841658
平成22,2010,4,女,人,1831327
平成22,2010,5,市域面積,km2,434.98
平成22,2010,5,世帯数,世帯,1587785
平成22,2010,5,人口総数,人,3679488
平成22,2010,5,男,人,1845243
平成22,2010,5,女,人,1834245
平成22,2010,6,市域面積,km2,434.98
平成22,2010,6,世帯数,世帯,1588723
平成22,2010,6,人口総数,人,3680267
平成22,2010,6,男,人,1845259
平成22,2010,6,女,人,1835008
平成22,2010,7,市域面積,km2,434.98
平成22,2010,7,世帯数,世帯,1589087
平成22,2010,7,人口総数,人,3680415
平成22,2010,7,男,人,1845005
平成22,2010,7,女,人,1835410
平成22,2010,8,市域面積,km2,434.98
平成22,2010,8,世帯数,世帯,1589464
平成22,2010,8,人口総数,人,3680503
平成22,2010,8,男,人,1844700
平成22,2010,8,女,人,1835803
平成22,2010,9,市域面積,km2,434.98
平成22,2010,9,世帯数,世帯,1589869
平成22,2010,9,人口総数,人,3681279
平成22,2010,9,男,人,1844860
平成22,2010,9,女,人,1836419
平成22,2010,10,市域面積,km2,434.98
平成22,2010,10,世帯数,世帯,1583889
平成22,2010,10,人口総数,人,3688773
平成22,2010,10,男,人,1849767
平成22,2010,10,女,人,1839006
平成22,2010,11,市域面積,km2,434.98
平成22,2010,11,世帯数,世帯,1584899
平成22,2010,11,人口総数,人,3689930
平成22,2010,11,男,人,1850068
平成22,2010,11,女,人,1839862
平成22,2010,12,市域面積,km2,434.98
平成22,2010,12,世帯数,世帯,1584960
平成22,2010,12,人口総数,人,3689838
平成22,2010,12,男,人,1849821
平成22,2010,12,女,人,1840017
平成23,2011,1,市域面積,km2,434.98
平成23,2011,1,世帯数,世帯,1584554
平成23,2011,1,人口総数,人,3689022
平成23,2011,1,男,人,1849009
平成23,2011,1,女,人,1840013
平成23,2011,2,市域面積,km2,434.98
平成23,2011,2,世帯数,世帯,1584068
平成23,2011,2,人口総数,人,3687949
平成23,2011,2,男,人,1848135
平成23,2011,2,女,人,1839814
平成23,2011,3,市域面積,km2,434.98
平成23,2011,3,世帯数,世帯,1583574
平成23,2011,3,人口総数,人,3686552
平成23,2011,3,男,人,1847110
平成23,2011,3,女,人,1839442
平成23,2011,4,市域面積,km2,434.98
平成23,2011,4,世帯数,世帯,1587531
平成23,2011,4,人口総数,人,3686481
平成23,2011,4,男,人,1846492
平成23,2011,4,女,人,1839989
平成23,2011,5,市域面積,km2,434.98
平成23,2011,5,世帯数,世帯,1592533
平成23,2011,5,人口総数,人,3691512
平成23,2011,5,男,人,1849292
平成23,2011,5,女,人,1842220
平成23,2011,6,市域面積,km2,434.98
平成23,2011,6,世帯数,世帯,1593854
平成23,2011,6,人口総数,人,3692438
平成23,2011,6,男,人,1849512
平成23,2011,6,女,人,1842926
平成23,2011,7,市域面積,km2,434.98
平成23,2011,7,世帯数,世帯,1594169
平成23,2011,7,人口総数,人,3691979
平成23,2011,7,男,人,1849047
平成23,2011,7,女,人,1842932
平成23,2011,8,市域面積,km2,434.98
平成23,2011,8,世帯数,世帯,1594377
平成23,2011,8,人口総数,人,3691758
平成23,2011,8,男,人,1848686
平成23,2011,8,女,人,1843072
平成23,2011,9,市域面積,km2,434.98
平成23,2011,9,世帯数,世帯,1594865
平成23,2011,9,人口総数,人,3692370
平成23,2011,9,男,人,1848837
平成23,2011,9,女,人,1843533
平成23,2011,10,市域面積,km2,434.98
平成23,2011,10,世帯数,世帯,1594871
平成23,2011,10,人口総数,人,3691693
平成23,2011,10,男,人,1848158
平成23,2011,10,女,人,1843535
平成23,2011,11,市域面積,km2,434.98
平成23,2011,11,世帯数,世帯,1595492
平成23,2011,11,人口総数,人,3692295
平成23,2011,11,男,人,1848323
平成23,2011,11,女,人,1843972
平成23,2011,12,市域面積,km2,434.98
平成23,2011,12,世帯数,世帯,1595557
平成23,2011,12,人口総数,人,3692443
平成23,2011,12,男,人,1848176
平成23,2011,12,女,人,1844267
平成24,2012,1,市域面積,km2,434.98
平成24,2012,1,世帯数,世帯,1595139
平成24,2012,1,人口総数,人,3691240
平成24,2012,1,男,人,1847207
平成24,2012,1,女,人,1844033
平成24,2012,2,市域面積,km2,434.98
平成24,2012,2,世帯数,世帯,1594669
平成24,2012,2,人口総数,人,3690445
平成24,2012,2,男,人,1846508
平成24,2012,2,女,人,1843937
平成24,2012,3,市域面積,km2,434.98
平成24,2012,3,世帯数,世帯,1594179
平成24,2012,3,人口総数,人,3689143
平成24,2012,3,男,人,1845645
平成24,2012,3,女,人,1843498
平成24,2012,4,市域面積,km2,434.98
平成24,2012,4,世帯数,世帯,1598341
平成24,2012,4,人口総数,人,3688624
平成24,2012,4,男,人,1844679
平成24,2012,4,女,人,1843945
平成24,2012,5,市域面積,km2,434.98
平成24,2012,5,世帯数,世帯,1604819
平成24,2012,5,人口総数,人,3696419
平成24,2012,5,男,人,1848947
平成24,2012,5,女,人,1847472
平成24,2012,6,市域面積,km2,434.98
平成24,2012,6,世帯数,世帯,1606256
平成24,2012,6,人口総数,人,3697894
平成24,2012,6,男,人,1849450
平成24,2012,6,女,人,1848444
平成24,2012,7,市域面積,km2,434.98
平成24,2012,7,世帯数,世帯,1606500
平成24,2012,7,人口総数,人,3697432
平成24,2012,7,男,人,1848872
平成24,2012,7,女,人,1848560
平成24,2012,8,市域面積,km2,434.98
平成24,2012,8,世帯数,世帯,1606627
平成24,2012,8,人口総数,人,3697426
平成24,2012,8,男,人,1848813
平成24,2012,8,女,人,1848613
平成24,2012,9,市域面積,km2,434.98
平成24,2012,9,世帯数,世帯,1606560
平成24,2012,9,人口総数,人,3697591
平成24,2012,9,男,人,1848680
平成24,2012,9,女,人,1848911
平成24,2012,10,市域面積,km2,434.98
平成24,2012,10,世帯数,世帯,1606472
平成24,2012,10,人口総数,人,3697006
平成24,2012,10,男,人,1848065
平成24,2012,10,女,人,1848941
平成24,2012,11,市域面積,km2,435.17
平成24,2012,11,世帯数,世帯,1607702
平成24,2012,11,人口総数,人,3698828
平成24,2012,11,男,人,1848832
平成24,2012,11,女,人,1849996
平成24,2012,12,市域面積,km2,435.17
平成24,2012,12,世帯数,世帯,1607585
平成24,2012,12,人口総数,人,3698437
平成24,2012,12,男,人,1848356
平成24,2012,12,女,人,1850081
平成25,2013,1,市域面積,km2,435.17
平成25,2013,1,世帯数,世帯,1606723
平成25,2013,1,人口総数,人,3697035
平成25,2013,1,男,人,1847295
平成25,2013,1,女,人,1849740
平成25,2013,2,市域面積,km2,435.17
平成25,2013,2,世帯数,世帯,1606346
平成25,2013,2,人口総数,人,3696170
平成25,2013,2,男,人,1846667
平成25,2013,2,女,人,1849503
平成25,2013,3,市域面積,km2,435.17
平成25,2013,3,世帯数,世帯,1605989
平成25,2013,3,人口総数,人,3694802
平成25,2013,3,男,人,1845693
平成25,2013,3,女,人,1849109
平成25,2013,4,市域面積,km2,435.17
平成25,2013,4,世帯数,世帯,1609747
平成25,2013,4,人口総数,人,3693788
平成25,2013,4,男,人,1844560
平成25,2013,4,女,人,1849228
平成25,2013,5,市域面積,km2,435.17
平成25,2013,5,世帯数,世帯,1615682
平成25,2013,5,人口総数,人,3701475
平成25,2013,5,男,人,1848848
平成25,2013,5,女,人,1852627
平成25,2013,6,市域面積,km2,435.17
平成25,2013,6,世帯数,世帯,1616601
平成25,2013,6,人口総数,人,3702047
平成25,2013,6,男,人,1849076
平成25,2013,6,女,人,1852971
平成25,2013,7,市域面積,km2,435.17
平成25,2013,7,世帯数,世帯,1616751
平成25,2013,7,人口総数,人,3701712
平成25,2013,7,男,人,1848597
平成25,2013,7,女,人,1853115
平成25,2013,8,市域面積,km2,435.17
平成25,2013,8,世帯数,世帯,1617100
平成25,2013,8,人口総数,人,3701971
平成25,2013,8,男,人,1848527
平成25,2013,8,女,人,1853444
平成25,2013,9,市域面積,km2,435.17
平成25,2013,9,世帯数,世帯,1617518
平成25,2013,9,人口総数,人,3702414
平成25,2013,9,男,人,1848651
平成25,2013,9,女,人,1853763
平成25,2013,10,市域面積,km2,435.17
平成25,2013,10,世帯数,世帯,1617839
平成25,2013,10,人口総数,人,3702551
平成25,2013,10,男,人,1848452
平成25,2013,10,女,人,1854099
平成25,2013,11,市域面積,km2,435.17
平成25,2013,11,世帯数,世帯,1619020
平成25,2013,11,人口総数,人,3703998
平成25,2013,11,男,人,1849159
平成25,2013,11,女,人,1854839
平成25,2013,12,市域面積,km2,435.17
平成25,2013,12,世帯数,世帯,1619009
平成25,2013,12,人口総数,人,3703852
平成25,2013,12,男,人,1848916
平成25,2013,12,女,人,1854936
平成26,2014,1,市域面積,km2,435.17
平成26,2014,1,世帯数,世帯,1618734
平成26,2014,1,人口総数,人,3703258
平成26,2014,1,男,人,1848421
平成26,2014,1,女,人,1854837
平成26,2014,2,市域面積,km2,435.21
平成26,2014,2,世帯数,世帯,1618395
平成26,2014,2,人口総数,人,3702225
平成26,2014,2,男,人,1847709
平成26,2014,2,女,人,1854516
平成26,2014,3,市域面積,km2,435.21
平成26,2014,3,世帯数,世帯,1617991
平成26,2014,3,人口総数,人,3700962
平成26,2014,3,男,人,1846982
平成26,2014,3,女,人,1853980
平成26,2014,4,市域面積,km2,435.21
平成26,2014,4,世帯数,世帯,1623606
平成26,2014,4,人口総数,人,3702093
平成26,2014,4,男,人,1847203
平成26,2014,4,女,人,1854890
平成26,2014,5,市域面積,km2,435.21
平成26,2014,5,世帯数,世帯,1628880
平成26,2014,5,人口総数,人,3708122
平成26,2014,5,男,人,1850354
平成26,2014,5,女,人,1857768
平成26,2014,6,市域面積,km2,435.21
平成26,2014,6,世帯数,世帯,1629796
平成26,2014,6,人口総数,人,3708966
平成26,2014,6,男,人,1850623
平成26,2014,6,女,人,1858343
平成26,2014,7,市域面積,km2,435.21
平成26,2014,7,世帯数,世帯,1630553
平成26,2014,7,人口総数,人,3709777
平成26,2014,7,男,人,1850886
平成26,2014,7,女,人,1858891
平成26,2014,8,市域面積,km2,435.21
平成26,2014,8,世帯数,世帯,1630756
平成26,2014,8,人口総数,人,3709686
平成26,2014,8,男,人,1850719
平成26,2014,8,女,人,1858967
平成26,2014,9,市域面積,km2,435.21
平成26,2014,9,世帯数,世帯,1630884
平成26,2014,9,人口総数,人,3709727
平成26,2014,9,男,人,1850603
平成26,2014,9,女,人,1859124
平成26,2014,10,市域面積,km2,435.21
平成26,2014,10,世帯数,世帯,1631395
平成26,2014,10,人口総数,人,3710008
平成26,2014,10,男,人,1850488
平成26,2014,10,女,人,1859520
平成26,2014,11,市域面積,km2,435.21
平成26,2014,11,世帯数,世帯,1632537
平成26,2014,11,人口総数,人,3711540
平成26,2014,11,男,人,1851250
平成26,2014,11,女,人,1860290
平成26,2014,12,市域面積,km2,435.21
平成26,2014,12,世帯数,世帯,1632759
平成26,2014,12,人口総数,人,3711631
平成26,2014,12,男,人,1851182
平成26,2014,12,女,人,1860449
平成27,2015,1,市域面積,km2,435.21
平成27,2015,1,世帯数,世帯,1632699
平成27,2015,1,人口総数,人,3711450
平成27,2015,1,男,人,1850872
平成27,2015,1,女,人,1860578
平成27,2015,2,市域面積,km2,435.21
平成27,2015,2,世帯数,世帯,1632451
平成27,2015,2,人口総数,人,3710824
平成27,2015,2,男,人,1850476
平成27,2015,2,女,人,1860348
平成27,2015,3,市域面積,km2,435.21
平成27,2015,3,世帯数,世帯,1632193
平成27,2015,3,人口総数,人,3709467
平成27,2015,3,男,人,1849765
平成27,2015,3,女,人,1859702
平成27,2015,4,市域面積,km2,435.21
平成27,2015,4,世帯数,世帯,1638946
平成27,2015,4,人口総数,人,3712170
平成27,2015,4,男,人,1850562
平成27,2015,4,女,人,1861608
平成27,2015,5,市域面積,km2,435.21
平成27,2015,5,世帯数,世帯,1644890
平成27,2015,5,人口総数,人,3718913
平成27,2015,5,男,人,1854339
平成27,2015,5,女,人,1864574
平成27,2015,6,市域面積,km2,435.21
平成27,2015,6,世帯数,世帯,1645739
平成27,2015,6,人口総数,人,3719535
平成27,2015,6,男,人,1854605
平成27,2015,6,女,人,1864930
平成27,2015,7,市域面積,km2,435.21
平成27,2015,7,世帯数,世帯,1646592
平成27,2015,7,人口総数,人,3719896
平成27,2015,7,男,人,1854430
平成27,2015,7,女,人,1865466
平成27,2015,8,市域面積,km2,435.23
平成27,2015,8,世帯数,世帯,1646486
平成27,2015,8,人口総数,人,3719388
平成27,2015,8,男,人,1854047
平成27,2015,8,女,人,1865341
平成27,2015,9,市域面積,km2,435.23
平成27,2015,9,世帯数,世帯,1646676
平成27,2015,9,人口総数,人,3719589
平成27,2015,9,男,人,1853945
平成27,2015,9,女,人,1865644
平成27,2015,10,市域面積,km2,435.23
平成27,2015,10,世帯数,世帯,1645618
平成27,2015,10,人口総数,人,3724844
平成27,2015,10,男,人,1855985
平成27,2015,10,女,人,1868859
平成27,2015,11,市域面積,km2,435.23
平成27,2015,11,世帯数,世帯,1646768
平成27,2015,11,人口総数,人,3725503
平成27,2015,11,男,人,1856268
平成27,2015,11,女,人,1869235
平成27,2015,12,市域面積,km2,435.23
平成27,2015,12,世帯数,世帯,1646791
平成27,2015,12,人口総数,人,3725758
平成27,2015,12,男,人,1856283
平成27,2015,12,女,人,1869475
平成28,2016,1,市域面積,km2,435.23
平成28,2016,1,世帯数,世帯,1646348
平成28,2016,1,人口総数,人,3724695
平成28,2016,1,男,人,1855497
平成28,2016,1,女,人,1869198
平成28,2016,2,市域面積,km2,435.23
平成28,2016,2,世帯数,世帯,1645859
平成28,2016,2,人口総数,人,3723862
平成28,2016,2,男,人,1854925
平成28,2016,2,女,人,1868937
平成28,2016,3,市域面積,km2,435.23
平成28,2016,3,世帯数,世帯,1645581
平成28,2016,3,人口総数,人,3722551
平成28,2016,3,男,人,1853986
平成28,2016,3,女,人,1868565
平成28,2016,4,市域面積,km2,435.23
平成28,2016,4,世帯数,世帯,1652584
平成28,2016,4,人口総数,人,3725042
平成28,2016,4,男,人,1854860
平成28,2016,4,女,人,1870182
平成28,2016,5,市域面積,km2,435.23
平成28,2016,5,世帯数,世帯,1657700
平成28,2016,5,人口総数,人,3730706
平成28,2016,5,男,人,1857812
平成28,2016,5,女,人,1872894
平成28,2016,6,市域面積,km2,435.23
平成28,2016,6,世帯数,世帯,1658771
平成28,2016,6,人口総数,人,3731216
平成28,2016,6,男,人,1857984
平成28,2016,6,女,人,1873232
平成28,2016,7,市域面積,km2,435.29
平成28,2016,7,世帯数,世帯,1659719
平成28,2016,7,人口総数,人,3731750
平成28,2016,7,男,人,1857919
平成28,2016,7,女,人,1873831
平成28,2016,8,市域面積,km2,435.29
平成28,2016,8,世帯数,世帯,1659576
平成28,2016,8,人口総数,人,3731286
平成28,2016,8,男,人,1857556
平成28,2016,8,女,人,1873730
平成28,2016,9,市域面積,km2,435.29
平成28,2016,9,世帯数,世帯,1659808
平成28,2016,9,人口総数,人,3731471
平成28,2016,9,男,人,1857598
平成28,2016,9,女,人,1873873
平成28,2016,10,市域面積,km2,435.29
平成28,2016,10,世帯数,世帯,1660256
平成28,2016,10,人口総数,人,3731293
平成28,2016,10,男,人,1857367
平成28,2016,10,女,人,1873926
平成28,2016,11,市域面積,km2,435.29
平成28,2016,11,世帯数,世帯,1661687
平成28,2016,11,人口総数,人,3732768
平成28,2016,11,男,人,1858235
平成28,2016,11,女,人,1874533
平成28,2016,12,市域面積,km2,435.29
平成28,2016,12,世帯数,世帯,1661280
平成28,2016,12,人口総数,人,3732092
平成28,2016,12,男,人,1857710
平成28,2016,12,女,人,1874382
平成29,2017,1,市域面積,km2,435.29
平成29,2017,1,世帯数,世帯,1661002
平成29,2017,1,人口総数,人,3731096
平成29,2017,1,男,人,1857056
平成29,2017,1,女,人,1874040
平成29,2017,2,市域面積,km2,435.29
平成29,2017,2,世帯数,世帯,1660623
平成29,2017,2,人口総数,人,3730158
平成29,2017,2,男,人,1856435
平成29,2017,2,女,人,1873723
平成29,2017,3,市域面積,km2,435.29
平成29,2017,3,世帯数,世帯,1659702
平成29,2017,3,人口総数,人,3728021
平成29,2017,3,男,人,1855045
平成29,2017,3,女,人,1872976
平成29,2017,4,市域面積,km2,435.29
平成29,2017,4,世帯数,世帯,1665516
平成29,2017,4,人口総数,人,3728124
平成29,2017,4,男,人,1854298
平成29,2017,4,女,人,1873826
平成29,2017,5,市域面積,km2,435.29
平成29,2017,5,世帯数,世帯,1671190
平成29,2017,5,人口総数,人,3733807
平成29,2017,5,男,人,1857564
平成29,2017,5,女,人,1876243
平成29,2017,6,市域面積,km2,435.29
平成29,2017,6,世帯数,世帯,1672080
平成29,2017,6,人口総数,人,3733975
平成29,2017,6,男,人,1857488
平成29,2017,6,女,人,1876487
平成29,2017,7,市域面積,km2,435.29
平成29,2017,7,世帯数,世帯,1673006
平成29,2017,7,人口総数,人,3733973
平成29,2017,7,男,人,1857311
平成29,2017,7,女,人,1876662
平成29,2017,8,市域面積,km2,435.29
平成29,2017,8,世帯数,世帯,1673220
平成29,2017,8,人口総数,人,3733886
平成29,2017,8,男,人,1857125
平成29,2017,8,女,人,1876761
平成29,2017,9,市域面積,km2,435.29
平成29,2017,9,世帯数,世帯,1673422
平成29,2017,9,人口総数,人,3733791
平成29,2017,9,男,人,1856938
平成29,2017,9,女,人,1876853
平成29,2017,10,市域面積,km2,435.29
平成29,2017,10,世帯数,世帯,1673662
平成29,2017,10,人口総数,人,3733234
平成29,2017,10,男,人,1856298
平成29,2017,10,女,人,1876936
平成29,2017,11,市域面積,km2,435.29
平成29,2017,11,世帯数,世帯,1675092
平成29,2017,11,人口総数,人,3734580
平成29,2017,11,男,人,1856901
平成29,2017,11,女,人,1877679
平成29,2017,12,市域面積,km2,435.29
平成29,2017,12,世帯数,世帯,1675027
平成29,2017,12,人口総数,人,3734012
平成29,2017,12,男,人,1856473
平成29,2017,12,女,人,1877539
平成30,2018,1,市域面積,km2,435.29
平成30,2018,1,世帯数,世帯,1674601
平成30,2018,1,人口総数,人,3733084
平成30,2018,1,男,人,1855789
平成30,2018,1,女,人,1877295
平成30,2018,2,市域面積,km2,435.29
平成30,2018,2,世帯数,世帯,1674043
平成30,2018,2,人口総数,人,3731665
平成30,2018,2,男,人,1855065
平成30,2018,2,女,人,1876600
平成30,2018,3,市域面積,km2,435.29
平成30,2018,3,世帯数,世帯,1673511
平成30,2018,3,人口総数,人,3729729
平成30,2018,3,男,人,1854057
平成30,2018,3,女,人,1875672
平成30,2018,4,市域面積,km2,435.43
平成30,2018,4,世帯数,世帯,1680768
平成30,2018,4,人口総数,人,3731706
平成30,2018,4,男,人,1854619
平成30,2018,4,女,人,1877087
平成30,2018,5,市域面積,km2,435.43
平成30,2018,5,世帯数,世帯,1687330
平成30,2018,5,人口総数,人,3739030
平成30,2018,5,男,人,1858678
平成30,2018,5,女,人,1880352
平成30,2018,6,市域面積,km2,435.43
平成30,2018,6,世帯数,世帯,1688999
平成30,2018,6,人口総数,人,3740497
平成30,2018,6,男,人,1859189
平成30,2018,6,女,人,1881308
平成30,2018,7,市域面積,km2,435.43
平成30,2018,7,世帯数,世帯,1689894
平成30,2018,7,人口総数,人,3740833
平成30,2018,7,男,人,1859155
平成30,2018,7,女,人,1881678
平成30,2018,8,市域面積,km2,435.43
平成30,2018,8,世帯数,世帯,1690284
平成30,2018,8,人口総数,人,3740617
平成30,2018,8,男,人,1859119
平成30,2018,8,女,人,1881498
平成30,2018,9,市域面積,km2,435.43
平成30,2018,9,世帯数,世帯,1690463
平成30,2018,9,人口総数,人,3740367
平成30,2018,9,男,人,1858959
平成30,2018,9,女,人,1881408
平成30,2018,10,市域面積,km2,435.43
平成30,2018,10,世帯数,世帯,1690932
平成30,2018,10,人口総数,人,3740172
平成30,2018,10,男,人,1858663
平成30,2018,10,女,人,1881509
平成30,2018,11,市域面積,km2,435.43
平成30,2018,11,世帯数,世帯,1692559
平成30,2018,11,人口総数,人,3741765
平成30,2018,11,男,人,1859375
平成30,2018,11,女,人,1882390
平成30,2018,12,市域面積,km2,435.43
平成30,2018,12,世帯数,世帯,1692526
平成30,2018,12,人口総数,人,3741255
平成30,2018,12,男,人,1859111
平成30,2018,12,女,人,1882144
平成31,2019,1,市域面積,km2,435.43
平成31,2019,1,世帯数,世帯,1692610
平成31,2019,1,人口総数,人,3740944
平成31,2019,1,男,人,1858705
平成31,2019,1,女,人,1882239
平成31,2019,2,市域面積,km2,435.43
平成31,2019,2,世帯数,世帯,1692156
平成31,2019,2,人口総数,人,3739836
平成31,2019,2,男,人,1858087
平成31,2019,2,女,人,1881749
平成31,2019,3,市域面積,km2,435.43
平成31,2019,3,世帯数,世帯,1692222
平成31,2019,3,人口総数,人,3738419
平成31,2019,3,男,人,1857315
平成31,2019,3,女,人,1881104
平成31,2019,4,市域面積,km2,435.43
平成31,2019,4,世帯数,世帯,1700306
平成31,2019,4,人口総数,人,3741317
平成31,2019,4,男,人,1858352
平成31,2019,4,女,人,1882965
令和元,2019,5,市域面積,km2,435.43
令和元,2019,5,世帯数,世帯,1706940
令和元,2019,5,人口総数,人,3747967
令和元,2019,5,男,人,1862197
令和元,2019,5,女,人,1885770
令和元,2019,6,市域面積,km2,435.43
令和元,2019,6,世帯数,世帯,1707854
令和元,2019,6,人口総数,人,3748482
令和元,2019,6,男,人,1862395
令和元,2019,6,女,人,1886087
令和元,2019,7,市域面積,km2,435.43
令和元,2019,7,世帯数,世帯,1708884
令和元,2019,7,人口総数,人,3748433
令和元,2019,7,男,人,1862230
令和元,2019,7,女,人,1886203
令和元,2019,8,市域面積,km2,435.43
令和元,2019,8,世帯数,世帯,1709616
令和元,2019,8,人口総数,人,3748473
令和元,2019,8,男,人,1862371
令和元,2019,8,女,人,1886102
令和元,2019,9,市域面積,km2,435.43
令和元,2019,9,世帯数,世帯,1710077
令和元,2019,9,人口総数,人,3748322
令和元,2019,9,男,人,1862199
令和元,2019,9,女,人,1886123
令和元,2019,10,市域面積,km2,435.43
令和元,2019,10,世帯数,世帯,1710900
令和元,2019,10,人口総数,人,3748781
令和元,2019,10,男,人,1862158
令和元,2019,10,女,人,1886623
令和元,2019,11,市域面積,km2,435.43
令和元,2019,11,世帯数,世帯,1712681
令和元,2019,11,人口総数,人,3750395
令和元,2019,11,男,人,1863019
令和元,2019,11,女,人,1887376
令和元,2019,12,市域面積,km2,435.43
令和元,2019,12,世帯数,世帯,1712830
令和元,2019,12,人口総数,人,3749972
令和元,2019,12,男,人,1862774
令和元,2019,12,女,人,1887198
令和２,2020,1,市域面積,km2,435.43
令和２,2020,1,世帯数,世帯,1713356
令和２,2020,1,人口総数,人,3749929
令和２,2020,1,男,人,1862571
令和２,2020,1,女,人,1887358
令和２,2020,2,市域面積,km2,435.43
令和２,2020,2,世帯数,世帯,1713417
令和２,2020,2,人口総数,人,3749162
令和２,2020,2,男,人,1862214
令和２,2020,2,女,人,1886948
令和２,2020,3,市域面積,km2,435.43
令和２,2020,3,世帯数,世帯,1713760
令和２,2020,3,人口総数,人,3748386
令和２,2020,3,男,人,1861636
令和２,2020,3,女,人,1886750
令和２,2020,4,市域面積,km2,435.5
令和２,2020,4,世帯数,世帯,1723409
令和２,2020,4,人口総数,人,3753771
令和２,2020,4,男,人,1864349
令和２,2020,4,女,人,1889422
令和２,2020,5,市域面積,km2,435.5
令和２,2020,5,世帯数,世帯,1729908
令和２,2020,5,人口総数,人,3760467
令和２,2020,5,男,人,1868049
令和２,2020,5,女,人,1892418
令和２,2020,6,市域面積,km2,435.5
令和２,2020,6,世帯数,世帯,1730110
令和２,2020,6,人口総数,人,3760157
令和２,2020,6,男,人,1867812
令和２,2020,6,女,人,1892345
令和２,2020,7,市域面積,km2,435.5
令和２,2020,7,世帯数,世帯,1730621
令和２,2020,7,人口総数,人,3759595
令和２,2020,7,男,人,1867480
令和２,2020,7,女,人,1892115
令和２,2020,8,市域面積,km2,435.5
令和２,2020,8,世帯数,世帯,1730612
令和２,2020,8,人口総数,人,3758058
令和２,2020,8,男,人,1866703
令和２,2020,8,女,人,1891355
令和２,2020,9,市域面積,km2,435.5
令和２,2020,9,世帯数,世帯,1731071
令和２,2020,9,人口総数,人,3757630
令和２,2020,9,男,人,1866456
令和２,2020,9,女,人,1891174
令和２,2020,10,市域面積,km2,437.71
令和２,2020,10,世帯数,世帯,1753081
令和２,2020,10,人口総数,人,3777491
令和２,2020,10,男,人,1867305
令和２,2020,10,女,人,1910186
令和２,2020,11,市域面積,km2,437.71
令和２,2020,11,世帯数,世帯,1753456
令和２,2020,11,人口総数,人,3776898
令和２,2020,11,男,人,1866884
令和２,2020,11,女,人,1910014
令和２,2020,12,市域面積,km2,437.71
令和２,2020,12,世帯数,世帯,1753987
令和２,2020,12,人口総数,人,3776730
令和２,2020,12,男,人,1866759
令和２,2020,12,女,人,1909971
令和３,2021,1,市域面積,km2,437.71
令和３,2021,1,世帯数,世帯,1754256
令和３,2021,1,人口総数,人,3776286
令和３,2021,1,男,人,1866381
令和３,2021,1,女,人,1909905
令和３,2021,2,市域面積,km2,437.71
令和３,2021,2,世帯数,世帯,1753846
令和３,2021,2,人口総数,人,3774271
令和３,2021,2,男,人,1865286
令和３,2021,2,女,人,1908985
令和３,2021,3,市域面積,km2,437.71
令和３,2021,3,世帯数,世帯,1754131
令和３,2021,3,人口総数,人,3772457
令和３,2021,3,男,人,1864294
令和３,2021,3,女,人,1908163
令和３,2021,4,市域面積,km2,437.71
令和３,2021,4,世帯数,世帯,1762612
令和３,2021,4,人口総数,人,3775319
令和３,2021,4,男,人,1865423
令和３,2021,4,女,人,1909896
令和３,2021,5,市域面積,km2,437.71
令和３,2021,5,世帯数,世帯,1767031
令和３,2021,5,人口総数,人,3779446
令和３,2021,5,男,人,1867611
令和３,2021,5,女,人,1911835
令和３,2021,6,市域面積,km2,437.71
令和３,2021,6,世帯数,世帯,1767713
令和３,2021,6,人口総数,人,3779063
令和３,2021,6,男,人,1867293
令和３,2021,6,女,人,1911770
令和３,2021,7,市域面積,km2,437.78
令和３,2021,7,世帯数,世帯,1768319
令和３,2021,7,人口総数,人,3778564
令和３,2021,7,男,人,1866812
令和３,2021,7,女,人,1911752
令和３,2021,8,市域面積,km2,437.78
令和３,2021,8,世帯数,世帯,1768468
令和３,2021,8,人口総数,人,3778049
令和３,2021,8,男,人,1866464
令和３,2021,8,女,人,1911585
令和３,2021,9,市域面積,km2,437.78
令和３,2021,9,世帯数,世帯,1768323
令和３,2021,9,人口総数,人,3777436
令和３,2021,9,男,人,1865994
令和３,2021,9,女,人,1911442
令和３,2021,10,市域面積,km2,437.78
令和３,2021,10,世帯数,世帯,1767218
令和３,2021,10,人口総数,人,3775352
令和３,2021,10,男,人,1864667
令和３,2021,10,女,人,1910685
令和３,2021,11,市域面積,km2,437.78
令和３,2021,11,世帯数,世帯,1767654
令和３,2021,11,人口総数,人,3774936
令和３,2021,11,男,人,1864213
令和３,2021,11,女,人,1910723
令和３,2021,12,市域面積,km2,437.78
令和３,2021,12,世帯数,世帯,1767422
令和３,2021,12,人口総数,人,3773982
令和３,2021,12,男,人,1863530
令和３,2021,12,女,人,1910452
令和４,2022,1,市域面積,km2,437.78
令和４,2022,1,世帯数,世帯,1766617
令和４,2022,1,人口総数,人,3772029
令和４,2022,1,男,人,1862325
令和４,2022,1,女,人,1909704
令和４,2022,2,市域面積,km2,437.78
令和４,2022,2,世帯数,世帯,1764924
令和４,2022,2,人口総数,人,3768902
令和４,2022,2,男,人,1860563
令和４,2022,2,女,人,1908339
令和４,2022,3,市域面積,km2,437.78
令和４,2022,3,世帯数,世帯,1764011
令和４,2022,3,人口総数,人,3766056
令和４,2022,3,男,人,1858911
令和４,2022,3,女,人,1907145
令和４,2022,4,市域面積,km2,437.78
令和４,2022,4,世帯数,世帯,1772142
令和４,2022,4,人口総数,人,3768363
令和４,2022,4,男,人,1859615
令和４,2022,4,女,人,1908748
令和４,2022,5,市域面積,km2,437.78
令和４,2022,5,世帯数,世帯,1777482
令和４,2022,5,人口総数,人,3773214
令和４,2022,5,男,人,1862176
令和４,2022,5,女,人,1911038
令和４,2022,6,市域面積,km2,437.78
令和４,2022,6,世帯数,世帯,1779834
令和４,2022,6,人口総数,人,3774369
令和４,2022,6,男,人,1862663
令和４,2022,6,女,人,1911706
令和４,2022,7,市域面積,km2,437.78
令和４,2022,7,世帯数,世帯,1780633
令和４,2022,7,人口総数,人,3773673
令和４,2022,7,男,人,1862176
令和４,2022,7,女,人,1911497
令和４,2022,8,市域面積,km2,437.78
令和４,2022,8,世帯数,世帯,1781296
令和４,2022,8,人口総数,人,3773607
令和４,2022,8,男,人,1861857
令和４,2022,8,女,人,1911750
令和４,2022,9,市域面積,km2,437.78
令和４,2022,9,世帯数,世帯,1781423
令和４,2022,9,人口総数,人,3772887
令和４,2022,9,男,人,1861445
令和４,2022,9,女,人,1911442
令和４,2022,10,市域面積,km2,437.78
令和４,2022,10,世帯数,世帯,1781879
令和４,2022,10,人口総数,人,3771961
令和４,2022,10,男,人,1860765
令和４,2022,10,女,人,1911196
令和４,2022,11,市域面積,km2,437.78
令和４,2022,11,世帯数,世帯,1782805
令和４,2022,11,人口総数,人,3772421
令和４,2022,11,男,人,1861071
令和４,2022,11,女,人,1911350
令和４,2022,12,市域面積,km2,438.01
令和４,2022,12,世帯数,世帯,1783097
令和４,2022,12,人口総数,人,3771640
令和４,2022,12,男,人,1860598
令和４,2022,12,女,人,1911042
令和５,2023,1,市域面積,km2,438.01
令和５,2023,1,世帯数,世帯,1782399
令和５,2023,1,人口総数,人,3769595
令和５,2023,1,男,人,1859476
令和５,2023,1,女,人,1910119
令和５,2023,2,市域面積,km2,438.01
令和５,2023,2,世帯数,世帯,1781426
令和５,2023,2,人口総数,人,3766999
令和５,2023,2,男,人,1858059
令和５,2023,2,女,人,1908940
令和５,2023,3,市域面積,km2,438.01
令和５,2023,3,世帯数,世帯,1781461
令和５,2023,3,人口総数,人,3765271
令和５,2023,3,男,人,1857098
令和５,2023,3,女,人,1908173
令和５,2023,4,市域面積,km2,438.01
令和５,2023,4,世帯数,世帯,1790597
令和５,2023,4,人口総数,人,3768664
令和５,2023,4,男,人,1858514
令和５,2023,4,女,人,1910150
令和５,2023,5,市域面積,km2,438.01
令和５,2023,5,世帯数,世帯,1796344
令和５,2023,5,人口総数,人,3774180
令和５,2023,5,男,人,1861363
令和５,2023,5,女,人,1912817
令和５,2023,6,市域面積,km2,438.01
令和５,2023,6,世帯数,世帯,1797824
令和５,2023,6,人口総数,人,3774611
令和５,2023,6,男,人,1861500
令和５,2023,6,女,人,1913111
令和５,2023,7,市域面積,km2,438.01
令和５,2023,7,世帯数,世帯,1798172
令和５,2023,7,人口総数,人,3773602
令和５,2023,7,男,人,1860996
令和５,2023,7,女,人,1912606
令和５,2023,8,市域面積,km2,438.01
令和５,2023,8,世帯数,世帯,1798832
令和５,2023,8,人口総数,人,3773403
令和５,2023,8,男,人,1860777
令和５,2023,8,女,人,1912626
令和５,2023,9,市域面積,km2,438.01
令和５,2023,9,世帯数,世帯,1798741
令和５,2023,9,人口総数,人,3772440
令和５,2023,9,男,人,1859971
令和５,2023,9,女,人,1912469
令和５,2023,10,市域面積,km2,438.01
令和５,2023,10,世帯数,世帯,1799480
令和５,2023,10,人口総数,人,3771766
令和５,2023,10,男,人,1859345
令和５,2023,10,女,人,1912421
令和５,2023,11,市域面積,km2,438.01
令和５,2023,11,世帯数,世帯,1800370
令和５,2023,11,人口総数,人,3771611
令和５,2023,11,男,人,1859320
令和５,2023,11,女,人,1912291
令和５,2023,12,市域面積,km2,438.01
令和５,2023,12,世帯数,世帯,1800294
令和５,2023,12,人口総数,人,3770179
令和５,2023,12,男,人,1858693
令和５,2023,12,女,人,1911486
令和６,2024,1,市域面積,km2,438.01
令和６,2024,1,世帯数,世帯,1800110
令和６,2024,1,人口総数,人,3769220
令和６,2024,1,男,人,1857980
令和６,2024,1,女,人,1911240
令和６,2024,2,市域面積,km2,438.01
令和６,2024,2,世帯数,世帯,1799225
令和６,2024,2,人口総数,人,3766718
令和６,2024,2,男,人,1856606
令和６,2024,2,女,人,1910112
令和６,2024,3,市域面積,km2,438.01
令和６,2024,3,世帯数,世帯,1799059
令和６,2024,3,人口総数,人,3764961
令和６,2024,3,男,人,1855822
令和６,2024,3,女,人,1909139
令和６,2024,4,市域面積,km2,438.01
令和６,2024,4,世帯数,世帯,1807344
令和６,2024,4,人口総数,人,3767635
令和６,2024,4,男,人,1857066
令和６,2024,4,女,人,1910569
令和６,2024,5,市域面積,km2,438.01
令和６,2024,5,世帯数,世帯,1813835
令和６,2024,5,人口総数,人,3773050
令和６,2024,5,男,人,1859994
令和６,2024,5,女,人,1913056
令和６,2024,6,市域面積,km2,438.01
令和６,2024,6,世帯数,世帯,1814803
令和６,2024,6,人口総数,人,3772726
令和６,2024,6,男,人,1859813
令和６,2024,6,女,人,1912913
令和６,2024,7,市域面積,km2,438.01
令和６,2024,7,世帯数,世帯,1815909
令和６,2024,7,人口総数,人,3772190
令和６,2024,7,男,人,1859310
令和６,2024,7,女,人,1912880
令和６,2024,8,市域面積,km2,438.23
令和６,2024,8,世帯数,世帯,1816409
令和６,2024,8,人口総数,人,3771769
令和６,2024,8,男,人,1859296
令和６,2024,8,女,人,1912473
令和６,2024,9,市域面積,km2,438.23
令和６,2024,9,世帯数,世帯,1816480
令和６,2024,9,人口総数,人,3770960
令和６,2024,9,男,人,1858750
令和６,2024,9,女,人,1912210
令和６,2024,10,市域面積,km2,438.23
令和６,2024,10,世帯数,世帯,1817762
令和６,2024,10,人口総数,人,3771063
令和６,2024,10,男,人,1858735
令和６,2024,10,女,人,1912328
令和６,2024,11,市域面積,km2,438.23
令和６,2024,11,世帯数,世帯,1819775
令和６,2024,11,人口総数,人,3772123
令和６,2024,11,男,人,1859323
令和６,2024,11,女,人,1912800
令和６,2024,12,市域面積,km2,438.23
令和６,2024,12,世帯数,世帯,1819632
令和６,2024,12,人口総数,人,3771005
令和６,2024,12,男,人,1858767
令和６,2024,12,女,人,1912238
令和７,2025,1,市域面積,km2,438.23
令和７,2025,1,世帯数,世帯,1819315
令和７,2025,1,人口総数,人,3769584
令和７,2025,1,男,人,1857904
令和７,2025,1,女,人,1911680
令和７,2025,2,市域面積,km2,438.23
令和７,2025,2,世帯数,世帯,1818320
令和７,2025,2,人口総数,人,3766732
令和７,2025,2,男,人,1856327
令和７,2025,2,女,人,1910405
令和７,2025,3,市域面積,km2,438.23
令和７,2025,3,世帯数,世帯,1818337
令和７,2025,3,人口総数,人,3764821
令和７,2025,3,男,人,1855204
令和７,2025,3,女,人,1909617
令和７,2025,4,市域面積,km2,438.23
令和７,2025,4,世帯数,世帯,1827978
令和７,2025,4,人口総数,人,3769150
令和７,2025,4,男,人,1857386
令和７,2025,4,女,人,1911764
令和７,2025,5,市域面積,km2,438.23
令和７,2025,5,世帯数,世帯,1834488
令和７,2025,5,人口総数,人,3774447
令和７,2025,5,男,人,1860123
令和７,2025,5,女,人,1914324
令和７,2025,6,市域面積,km2,438.23
令和７,2025,6,世帯数,世帯,1835664
令和７,2025,6,人口総数,人,3774179
令和７,2025,6,男,人,1859936
令和７,2025,6,女,人,1914243
令和７,2025,7,市域面積,km2,438.23
令和７,2025,7,世帯数,世帯,1836601
令和７,2025,7,人口総数,人,3773476
令和７,2025,7,男,人,1859408
令和７,2025,7,女,人,1914068
令和７,2025,8,市域面積,km2,438.23
令和７,2025,8,世帯数,世帯,1836843
令和７,2025,8,人口総数,人,3772737
令和７,2025,8,男,人,1859132
令和７,2025,8,女,人,1913605
令和７,2025,9,市域面積,km2,438.23
令和７,2025,9,世帯数,世帯,1836882
令和７,2025,9,人口総数,人,3772320
令和７,2025,9,男,人,1858834
令和７,2025,9,女,人,1913486
令和７,2025,10,市域面積,km2,438.23
令和７,2025,10,世帯数,世帯,1792729
令和７,2025,10,人口総数,人,3754840
令和７,2025,10,男,人,1849234
令和７,2025,10,女,人,1905606
令和７,2025,11,市域面積,km2,438.23
令和７,2025,11,世帯数,世帯,1793986
令和７,2025,11,人口総数,人,3755127
令和７,2025,11,男,人,1849352
令和７,2025,11,女,人,1905775
令和７,2025,12,市域面積,km2,438.23
令和７,2025,12,世帯数,世帯,1793808
令和７,2025,12,人口総数,人,3753908
令和７,2025,12,男,人,1848753
令和７,2025,12,女,人,1905155
令和８,2026,1,市域面積,km2,438.23
令和８,2026,1,世帯数,世帯,1793244
令和８,2026,1,人口総数,人,3752321
令和８,2026,1,男,人,1847664
令和８,2026,1,女,人,1904657
令和８,2026,2,市域面積,km2,438.23
令和８,2026,2,世帯数,世帯,1792745
令和８,2026,2,人口総数,人,3750041
令和８,2026,2,男,人,1846383
令和８,2026,2,女,人,1903658
令和８,2026,3,市域面積,km2,438.23
令和８,2026,3,世帯数,世帯,1792965
令和８,2026,3,人口総数,人,3748451
令和８,2026,3,男,人,1845554
令和８,2026,3,女,人,1902897
令和８,2026,4,市域面積,km2,438.23
令和８,2026,4,世帯数,世帯,1803669
令和８,2026,4,人口総数,人,3753758
令和８,2026,4,男,人,1848218
令和８,2026,4,女,人,1905540
令和８,2026,5,市域面積,km2,438.23
令和８,2026,5,世帯数,世帯,1809823
令和８,2026,5,人口総数,人,3759385
令和８,2026,5,男,人,1851227
令和８,2026,5,女,人,1908158
令和８,2026,6,市域面積,km2,438.23
令和８,2026,6,世帯数,世帯,1810755
令和８,2026,6,人口総数,人,3759615
令和８,2026,6,男,人,1851317
令和８,2026,6,女,人,1908298
令和８,2026,7,市域面積,km2,438.23
令和８,2026,7,世帯数,世帯,1811626
令和８,2026,7,人口総数,人,3758990
令和８,2026,7,男,人,1850976
令和８,2026,7,女,人,1908014
令和８,2026,8,市域面積,km2,438.23
令和８,2026,8,世帯数,世帯,1811911
令和８,2026,8,人口総数,人,3757891
令和８,2026,8,男,人,1850332
令和８,2026,8,女,人,1907559
令和８,2026,9,市域面積,km2,438.23
令和８,2026,9,世帯数,世帯,1811326
令和８,2026,9,人口総数,人,3757388
令和８,2026,9,男,人,1849895
令和８,2026,9,女,人,1907493
